,Image_ID,Target
1,ID_00gy3vH2,1
3,ID_012xZpNw,1
4,ID_014GgMRb,1
5,ID_021lsxgh,1
6,ID_02K3nzug,1
8,ID_034NtJIq,1
10,ID_04tAQaYf,1
13,ID_06i4hoXC,1
14,ID_07hKQSPv,1
16,ID_092f6DCX,1
17,ID_093uOtmR,1
22,ID_09eRG3Zw,1
25,ID_0AaCFhLF,1
26,ID_0BqJSK8n,1
27,ID_0BwuqqYB,1
28,ID_0Cx3WnGZ,1
29,ID_0DTIMhEg,1
30,ID_0DtLHikG,1
32,ID_0FVVzrWZ,1
33,ID_0H5lbGSD,1
35,ID_0I74mrpn,1
36,ID_0IBqzrJk,1
38,ID_0JFWHrK5,1
39,ID_0JIh2aAC,1
40,ID_0KJNEj2Y,1
41,ID_0KYd1Jsp,1
42,ID_0M2GVEyT,1
44,ID_0NOXFYhC,1
45,ID_0NmrjQUF,1
48,ID_0OWXSr1X,1
49,ID_0QBRoa4n,1
50,ID_0QEb9TbA,1
51,ID_0Qrrtf9F,1
52,ID_0QxQ4s2w,1
54,ID_0RkaBIAu,1
55,ID_0RxJDvxp,1
56,ID_0Sep0Ytf,1
59,ID_0Toxf789,1
61,ID_0V4W96AC,1
62,ID_0V7cpkmX,1
63,ID_0VCLY6DG,1
65,ID_0XzPQE7a,1
66,ID_0YDlsrUe,1
67,ID_0ZPcwQzT,1
70,ID_0b2kZHfi,1
71,ID_0cbr1WMw,1
72,ID_0d85lSSy,1
73,ID_0f9vVcZO,1
75,ID_0g8nA8i5,1
76,ID_0gi8NkrA,1
81,ID_0id5KHzT,1
82,ID_0iexpli4,1
83,ID_0io7BhrS,1
84,ID_0ji4GZdq,1
86,ID_0khJR8v3,1
87,ID_0liFcSPv,1
88,ID_0lpj6OJc,1
90,ID_0m5XE0Qs,1
91,ID_0mp2bAOn,1
92,ID_0ncYuqu0,1
93,ID_0o5OjL6t,1
94,ID_0oYj6Svu,1
95,ID_0p4DEU56,1
96,ID_0pNeJzlo,1
97,ID_0qLV576A,1
98,ID_0qyQjcrp,1
100,ID_0r8LYAM9,1
101,ID_0rL3irCb,1
102,ID_0skZg1Eb,1
104,ID_0ufQ91Ab,1
105,ID_0ugkHjvE,1
106,ID_0uhKbzhb,1
107,ID_0vAwYwUz,1
109,ID_0wK2n9bB,1
110,ID_0xBtgC7A,1
112,ID_0yEzvC1O,1
113,ID_0yurVB5j,1
115,ID_0z85PMrs,1
117,ID_0zhj4UVB,1
118,ID_10W7wvlh,1
119,ID_10YlEuDf,1
120,ID_11EbBoAU,1
121,ID_11QrIibX,1
122,ID_11V280oY,1
124,ID_137Bp6qc,1
127,ID_13Jy5Ejn,1
129,ID_13w6qYa7,1
131,ID_14JZ4lMK,1
133,ID_16Nl0avG,1
135,ID_17HFF0og,1
137,ID_17nLkFOW,1
138,ID_189y2YbI,1
139,ID_18gfcsyF,1
142,ID_1A6PmilQ,1
143,ID_1AZnHBgU,1
144,ID_1Ac6CUEA,1
145,ID_1AfkYuNI,1
148,ID_1BgVHHU9,1
150,ID_1DziNNsj,1
151,ID_1E4eH1fB,1
152,ID_1EBg4gO8,1
153,ID_1EG3clAq,1
155,ID_1EOm3Ru6,1
156,ID_1EbVfZOQ,1
158,ID_1GtMavzb,1
164,ID_1K16VyLi,1
166,ID_1KVHbAK6,1
167,ID_1KkJMlGK,1
170,ID_1MJbrlBM,1
171,ID_1MPsKjYj,1
172,ID_1MadDzHM,1
174,ID_1Ml20JDy,1
177,ID_1OJ4HEio,1
178,ID_1Q2fXdpE,1
179,ID_1Q2xbZIC,1
181,ID_1RFRqBty,1
183,ID_1SagmsAa,1
190,ID_1Uc9v5GM,1
191,ID_1VywCXcM,1
193,ID_1WYky3bd,1
197,ID_1ZIUag5x,1
199,ID_1ZyUr3oi,1
200,ID_1a8Hok5O,1
201,ID_1b7OLfpl,1
203,ID_1bxRYAel,1
205,ID_1cXDuhmm,1
206,ID_1co31JmN,1
208,ID_1dT0el0X,1
209,ID_1dZYMm7r,1
210,ID_1dwNPkfA,1
211,ID_1eEuNhHF,1
212,ID_1ebkCoHe,1
213,ID_1eqCKyrP,1
214,ID_1ey7WHEc,1
215,ID_1ffob61S,1
216,ID_1fstqUv1,1
217,ID_1iWRJLYa,1
221,ID_1lXsT2kO,1
222,ID_1lZ1qnz3,1
223,ID_1lwfDPUR,1
224,ID_1m0bD3Az,1
225,ID_1mVwroW2,1
226,ID_1mzla010,1
228,ID_1o2KB5Io,1
229,ID_1o8m5irn,1
230,ID_1oKLrdWf,1
231,ID_1oZHTiwg,1
234,ID_1quV3oO1,1
235,ID_1qvhK6mc,1
236,ID_1r7njooZ,1
237,ID_1rOPCwY0,1
238,ID_1s6ugVDT,1
239,ID_1sKWdii7,1
240,ID_1tDT8TKb,1
242,ID_1tWQGnFI,1
243,ID_1u7HsVCa,1
244,ID_1u7Rzrfm,1
245,ID_1uAt4zVF,1
247,ID_1uJuMCzl,1
250,ID_1vGvKcW5,1
254,ID_1wiHJQz8,1
255,ID_1xGqWMjA,1
257,ID_20qVZaXs,1
258,ID_21GNMVIa,1
261,ID_22Tbrozx,1
263,ID_23mMQd8s,1
265,ID_249iyX23,1
268,ID_26O7EHVF,1
270,ID_26UIcz6W,1
271,ID_26kN6vBk,1
273,ID_27BxRNgE,1
274,ID_27HGNfNi,1
277,ID_28zELCuj,1
278,ID_2AVh6IwE,1
279,ID_2BBgtp2g,1
282,ID_2CDlI77Q,1
285,ID_2CwA6tCn,1
286,ID_2DPoFOgk,1
287,ID_2DlaP2lj,1
288,ID_2DwzgsyL,1
289,ID_2EAwv1qe,1
290,ID_2EqNrSqQ,1
292,ID_2FjAyR1Z,1
295,ID_2HZTKAqe,1
296,ID_2JOheT6T,1
298,ID_2KTTQvTV,1
303,ID_2MdtPA8w,1
305,ID_2NXKyUKS,1
306,ID_2NpeAymS,1
307,ID_2O4DOUpi,1
308,ID_2OpvNMpz,1
310,ID_2Paa7veO,1
311,ID_2QpSj6pt,1
312,ID_2SIWPxhY,1
313,ID_2UEh6zJW,1
319,ID_2WHCBZZS,1
321,ID_2Wj0gnGQ,1
323,ID_2XCKN4HB,1
325,ID_2YrWHkFz,1
329,ID_2b5XjjiA,1
331,ID_2cMjRdN9,1
333,ID_2eO5x78O,1
336,ID_2fVNKhmS,1
337,ID_2fZ8g08a,1
338,ID_2gKPlhXp,1
339,ID_2iHtMPGe,1
340,ID_2iNxOBaD,1
341,ID_2iq4MsLA,1
344,ID_2lmfB4Tt,1
345,ID_2lqpxTzL,1
347,ID_2mJylFTc,1
348,ID_2nVhyLUg,1
350,ID_2p48WvgE,1
351,ID_2p5ZZkrz,1
354,ID_2qJkwe3C,1
355,ID_2qk0D94z,1
356,ID_2sI42KTr,1
358,ID_2sv1SVzb,1
359,ID_2sy2lTeY,1
360,ID_2tHGmpMt,1
361,ID_2ttobWwy,1
365,ID_2ydOjfyQ,1
366,ID_2zv3SlDZ,1
367,ID_3022rbLS,1
369,ID_30MS7DVZ,1
370,ID_30bjlrdO,1
373,ID_35FckdxW,1
374,ID_36Zo8RHz,1
375,ID_38Pjm81x,1
376,ID_38QWlUX2,1
378,ID_38jB7o5R,1
380,ID_39X6v8HD,1
382,ID_3AhnTxJa,1
383,ID_3AueuPJO,1
385,ID_3BhNdir2,1
386,ID_3BpwhZ3b,1
388,ID_3DKH6yRS,1
390,ID_3F6vy137,1
391,ID_3ISBPM8m,1
392,ID_3IrTosxM,1
393,ID_3IsJvFW4,1
397,ID_3LHLYqby,1
399,ID_3LdhvrkV,1
403,ID_3NuZfwyC,1
405,ID_3PykDOR8,1
406,ID_3Q6f1ezs,1
409,ID_3QiKgmKv,1
411,ID_3RyucqAM,1
412,ID_3SRsIxkB,1
413,ID_3TOtrI3N,1
414,ID_3TeznF6K,1
416,ID_3Tmojwdf,1
419,ID_3XaZ11Xh,1
420,ID_3YQFGlAr,1
422,ID_3YwiOAvg,1
423,ID_3ZgVyCkS,1
424,ID_3aV0ZaeG,1
428,ID_3c9EGHhF,1
430,ID_3crdhG0T,1
431,ID_3d54pwRb,1
432,ID_3dQSxkoH,1
433,ID_3dZQAgzC,1
434,ID_3e2UvxMK,1
435,ID_3ekTK87V,1
436,ID_3f3Yl8Re,1
437,ID_3fFqWdHM,1
440,ID_3gX2fPw1,1
441,ID_3gfqJmR9,1
442,ID_3gkvte56,1
443,ID_3h4tQ9N4,1
444,ID_3j7D9LMp,1
446,ID_3kBs4gUl,1
451,ID_3m0AbGVF,1
452,ID_3nm9mxRQ,1
454,ID_3o53Nptk,1
455,ID_3oEltjWk,1
456,ID_3oKnKn0M,1
457,ID_3otPevvd,1
465,ID_3tSv1fkZ,1
466,ID_3u7DNFhT,1
467,ID_3v7V7FCg,1
468,ID_3vVplC9R,1
471,ID_3xc03yUC,1
472,ID_3yGKqiuh,1
475,ID_3zEtAP98,1
476,ID_3zpAI9x9,1
478,ID_40wDSddk,1
479,ID_410oE3lr,1
480,ID_41oTbqEO,1
481,ID_42h7SwHI,1
483,ID_45kZ8JJv,1
488,ID_48TVMoZS,1
495,ID_49EGynfG,1
497,ID_4AAOW32J,1
498,ID_4B24DFrL,1
499,ID_4B6Pq1pU,1
501,ID_4EobXSQ3,1
505,ID_4IsmhYBE,1
506,ID_4JecqXAN,1
507,ID_4Jmnybh8,1
508,ID_4K5ZFkBF,1
511,ID_4LJW7RBX,1
512,ID_4LhPRmjo,1
513,ID_4MvV6rZg,1
515,ID_4OFRrA0i,1
519,ID_4PpLJlJg,1
520,ID_4RAwfGXt,1
521,ID_4RDLkCGE,1
522,ID_4RDuxg4l,1
523,ID_4RskxRnA,1
525,ID_4TakfMAL,1
527,ID_4UIcgV0H,1
530,ID_4V7hYJbn,1
533,ID_4XKL5lG9,1
534,ID_4aEBZlrF,1
535,ID_4agcIQVi,1
540,ID_4cFWfOtA,1
542,ID_4cuJrswg,1
544,ID_4el5RV00,1
545,ID_4eoRbrMr,1
548,ID_4foQALqW,1
550,ID_4gJaw7AP,1
553,ID_4hAZpYqB,1
558,ID_4kMFWGjz,1
559,ID_4lqUKtNK,1
560,ID_4lzClIyY,1
561,ID_4mE60kK3,1
562,ID_4mzBWfU3,1
564,ID_4o1AfzDc,1
567,ID_4qrrWlA9,1
571,ID_4tEoH28S,1
573,ID_4tpBmt0s,1
574,ID_4uYL8lFW,1
575,ID_4uljUFJl,1
576,ID_4v9hopzj,1
581,ID_501DhQY0,1
584,ID_50vJFj5T,1
585,ID_514HarbR,1
586,ID_52L1TmFk,1
587,ID_52pcYNUE,1
589,ID_53cpTwkd,1
590,ID_54WJBcPI,1
591,ID_54e5lyx9,1
592,ID_54o67NpL,1
593,ID_55f9XMTW,1
594,ID_569BKIMU,1
596,ID_571313NC,1
597,ID_57875cNO,1
599,ID_57uqP4EN,1
600,ID_58yXzb4o,1
601,ID_59lcD9Zr,1
603,ID_5ALbgD7Y,1
604,ID_5AS4AbgL,1
607,ID_5BL7ZpgX,1
608,ID_5BOZEHeU,1
609,ID_5BibfbBe,1
614,ID_5COuNaEQ,1
615,ID_5Ctcmi8i,1
616,ID_5DtTgsJ4,1
621,ID_5GodowQJ,1
624,ID_5JujLnZU,1
625,ID_5LUQDs4a,1
628,ID_5MEbawOR,1
629,ID_5NZLDfZa,1
631,ID_5O7x2ppd,1
632,ID_5PKymN17,1
633,ID_5Ptb5NZc,1
635,ID_5QWHeplK,1
636,ID_5SW3CZbB,1
637,ID_5UYm3YPd,1
638,ID_5UpPqWCm,1
639,ID_5VJnosLd,1
640,ID_5VnvzC5w,1
643,ID_5WwFm6gP,1
644,ID_5YFxiZEU,1
645,ID_5YMk1t1l,1
646,ID_5YoI5a24,1
649,ID_5ac6MfFG,1
652,ID_5c4fRr4I,1
653,ID_5cgQXCVd,1
655,ID_5cvbk9Nv,1
657,ID_5e2DbkVE,1
659,ID_5fL9zeLl,1
660,ID_5fsNRz3f,1
661,ID_5gbbH9Xm,1
662,ID_5gz4loKr,1
664,ID_5iykLTzv,1
667,ID_5k7qEoy2,1
668,ID_5kv61man,1
669,ID_5lb0QdQO,1
671,ID_5njpzqNa,1
673,ID_5oU8hask,1
674,ID_5pMlBhBm,1
675,ID_5pf2yU6f,1
677,ID_5tHz6Yx6,1
678,ID_5tTBuZxL,1
680,ID_5tjCTp50,1
685,ID_5woELhn7,1
686,ID_5wvK4ska,1
687,ID_5xLZnvZ3,1
688,ID_5yMzWFyF,1
689,ID_5yk9dtnU,1
690,ID_5zV6aifD,1
691,ID_60QDpYar,1
692,ID_61i6eg54,1
694,ID_61rBrJfw,1
695,ID_62E4Kjwt,1
696,ID_62IjPdz4,1
698,ID_634rLGMp,1
701,ID_64IyMgyo,1
703,ID_64MYy1w1,1
704,ID_64w9SP9w,1
706,ID_65HuXgIG,1
707,ID_65k2pi3k,1
708,ID_65mo9uvn,1
709,ID_67Wbrdlz,1
710,ID_67iejk0c,1
712,ID_68PfowrT,1
714,ID_69HmwsIw,1
716,ID_6BwGANpF,1
717,ID_6CR5JVnD,1
719,ID_6Cwu7ofZ,1
721,ID_6Du6nB87,1
724,ID_6FbJbrRS,1
726,ID_6GM8eX3e,1
727,ID_6HKYlKFe,1
735,ID_6LDOaxgc,1
740,ID_6OBm0Czo,1
742,ID_6QkLlk6L,1
744,ID_6Rx3D61T,1
745,ID_6S04j4xj,1
746,ID_6StcR7gg,1
748,ID_6UBx6m2J,1
751,ID_6Vga87YV,1
754,ID_6XuR6Aem,1
755,ID_6aDD6KuO,1
757,ID_6dC8cYKn,1
760,ID_6ghgdjYQ,1
762,ID_6iL2TF0F,1
764,ID_6kA6P1eT,1
766,ID_6l7zKISt,1
768,ID_6ndjCN4w,1
770,ID_6pK0oOtA,1
772,ID_6q2ijasw,1
774,ID_6qfrmZy2,1
775,ID_6qkfpGHR,1
776,ID_6qwArkKX,1
779,ID_6uUyZQcb,1
781,ID_6vbf9HFF,1
783,ID_6yHJMpMN,1
784,ID_6yV1cgtf,1
785,ID_6z4eDK48,1
789,ID_71EJazXP,1
793,ID_73XqUXyi,1
796,ID_760XPK81,1
798,ID_76OEOd3w,1
799,ID_77EaUagT,1
800,ID_77fxtbFd,1
801,ID_78XfKsn4,1
802,ID_78eEJRq6,1
803,ID_7A7iaVQb,1
805,ID_7Bdk3gzO,1
806,ID_7CO1a88M,1
807,ID_7D1plHsM,1
809,ID_7DdlvOcu,1
810,ID_7DwvAIrK,1
811,ID_7EheM5qM,1
816,ID_7INDeIyh,1
818,ID_7Jk9V68M,1
819,ID_7KMkYqj2,1
822,ID_7LW291Fz,1
823,ID_7NOeunel,1
825,ID_7PAtILLx,1
827,ID_7Q7MSvVa,1
828,ID_7Qi02nEb,1
829,ID_7S3hVpWn,1
830,ID_7S9ApVI1,1
832,ID_7SV743J5,1
833,ID_7SjDqgR2,1
834,ID_7U2kd3Me,1
836,ID_7UZhABYj,1
837,ID_7V4mJmY6,1
838,ID_7VMGLdzo,1
839,ID_7VlA8kWP,1
840,ID_7W8S3nZ8,1
844,ID_7XzDDL11,1
845,ID_7YmQhrhX,1
847,ID_7c9Drhf1,1
849,ID_7gBI9E7V,1
850,ID_7gHBQHov,1
853,ID_7hgfk6Jw,1
854,ID_7huGv2cg,1
855,ID_7i94vfjK,1
856,ID_7jdRdkzi,1
857,ID_7kXt8paW,1
860,ID_7mTrdQQe,1
861,ID_7mVwWSym,1
862,ID_7mipdFfe,1
863,ID_7nYFh4cW,1
866,ID_7pA2fnyK,1
868,ID_7ppoJuE0,1
869,ID_7r5PCrvF,1
871,ID_7tGzG18T,1
875,ID_7wtVNRy7,1
876,ID_7xVNyO0j,1
880,ID_80R7icnG,1
881,ID_80Xe0DnO,1
884,ID_82Ghucfz,1
885,ID_82H0tFXa,1
886,ID_82KxAykz,1
890,ID_84GZG8Up,1
891,ID_84Sygh0k,1
892,ID_84YbzlRj,1
893,ID_854J3DnD,1
894,ID_85ARj7bI,1
895,ID_85NOKuux,1
897,ID_86wZg8PJ,1
898,ID_87NbTjll,1
899,ID_87ocSkUv,1
902,ID_889C4Pia,1
903,ID_896OeEKF,1
904,ID_89BvXUDj,1
905,ID_8A6gcVJj,1
907,ID_8Bro4LXS,1
908,ID_8CS1RS8b,1
909,ID_8EBqd4yz,1
910,ID_8EpwGPg7,1
912,ID_8HDN0eoa,1
913,ID_8HKksFLc,1
914,ID_8I4GkfFy,1
915,ID_8Ir2o8dF,1
916,ID_8KMfun4X,1
917,ID_8KNxy2um,1
919,ID_8KbjO9Qe,1
921,ID_8LXXrcyf,1
925,ID_8NFn83N5,1
926,ID_8NRQmTu7,1
927,ID_8NlYtXrj,1
929,ID_8OkHcDaE,1
930,ID_8OxeFPvd,1
933,ID_8Q7ib0ZZ,1
934,ID_8QD2cRwl,1
937,ID_8RmQZhCL,1
938,ID_8RrajBhn,1
939,ID_8SL75HKi,1
941,ID_8UEVDC1s,1
942,ID_8UQMRrMv,1
943,ID_8UvnP4ee,1
944,ID_8XGEJl3x,1
946,ID_8YjRnCMf,1
948,ID_8bM5mATa,1
950,ID_8c2CChKA,1
952,ID_8cRLsrNT,1
954,ID_8dCxln2a,1
955,ID_8el2XAgC,1
957,ID_8f2hkTZP,1
958,ID_8f7yvUWl,1
959,ID_8gASSobz,1
960,ID_8h713mzb,1
962,ID_8hYbmDR2,1
963,ID_8hgi9b9w,1
964,ID_8i5oA7nB,1
969,ID_8kFYBzR8,1
970,ID_8kkr6dWL,1
971,ID_8lC2NHDz,1
973,ID_8mY5hNgN,1
974,ID_8maGcnTn,1
975,ID_8nTGV7u0,1
976,ID_8niJ5uPF,1
978,ID_8o1XRSYO,1
981,ID_8og90HTM,1
982,ID_8ow6QtPb,1
984,ID_8p5HT9s7,1
986,ID_8rS4SNP4,1
987,ID_8rTpKyYb,1
988,ID_8rYbP2A7,1
989,ID_8rcG1WYI,1
990,ID_8rjdEpEA,1
991,ID_8s1eArE3,1
993,ID_8secqkk3,1
996,ID_8v36hilc,1
997,ID_8vUFUOUh,1
999,ID_8xuW41Gr,1
1000,ID_8yW7w3fo,1
1001,ID_8ykUtSYs,1
1005,ID_90KGxUqZ,1
1006,ID_90TLN1ku,1
1007,ID_90n5arQh,1
1008,ID_910hy5G4,1
1012,ID_93OL6377,1
1015,ID_94roDC5M,1
1016,ID_95ovlLi1,1
1020,ID_991TGDWO,1
1021,ID_99HeWuQQ,1
1025,ID_9AHQEIFZ,1
1027,ID_9CuGf9Hg,1
1028,ID_9DC7FIjp,1
1029,ID_9DU2IMDA,1
1030,ID_9EPnBjev,1
1033,ID_9FibrvFr,1
1036,ID_9Gp2iP3n,1
1038,ID_9IUuAa44,1
1040,ID_9J7VQImt,1
1042,ID_9JRss2MH,1
1043,ID_9JXfZ8O0,1
1044,ID_9LLs1RVc,1
1045,ID_9LQumxEM,1
1048,ID_9M170KFl,1
1049,ID_9MD8OrTF,1
1051,ID_9N26y5ju,1
1052,ID_9OEaIcnJ,1
1053,ID_9OzBLZqm,1
1055,ID_9Q9MSpuf,1
1057,ID_9QEn9Lbw,1
1059,ID_9RjwBTLF,1
1060,ID_9RtMGHJj,1
1061,ID_9SqrjRjM,1
1062,ID_9TUhMgas,1
1063,ID_9UGh5Zxl,1
1068,ID_9Z4CwZiH,1
1069,ID_9ZQ9cFh6,1
1070,ID_9aBtu4fG,1
1074,ID_9czfftsU,1
1075,ID_9dMdgG42,1
1076,ID_9eUPr94m,1
1079,ID_9fhvwDaE,1
1081,ID_9hf2aqV5,1
1083,ID_9iT2f7S6,1
1084,ID_9iisfAEg,1
1085,ID_9l4Ofng4,1
1086,ID_9lisEJQG,1
1088,ID_9octCFPL,1
1090,ID_9rMfpUIP,1
1092,ID_9s4AW0r9,1
1093,ID_9sAFtjZj,1
1095,ID_9vCpRwwa,1
1096,ID_9wPGjQ3h,1
1100,ID_9yRR8q0l,1
1101,ID_9ysqTbrL,1
1103,ID_A0iKorU9,1
1104,ID_A0jL8RD5,1
1105,ID_A1adOqkI,1
1106,ID_A1hnFv90,1
1111,ID_A496YfZV,1
1112,ID_A4IeVgDu,1
1114,ID_A4U32Kt2,1
1116,ID_A51NCI5k,1
1117,ID_A5BoEHKg,1
1118,ID_A6HdgEVa,1
1119,ID_A6YrscgN,1
1121,ID_A7StItEH,1
1123,ID_A8stLQux,1
1126,ID_ABR6whBD,1
1127,ID_ABUmZedb,1
1128,ID_ABadr6rL,1
1129,ID_ACsfceB1,1
1130,ID_AFblAApf,1
1134,ID_AInfmMll,1
1138,ID_AL2kfA9x,1
1141,ID_AM9N7xw5,1
1142,ID_AO5fHWCa,1
1144,ID_APfVn2Gs,1
1147,ID_AR1WsENA,1
1150,ID_ASo5nHje,1
1151,ID_ATB0hftE,1
1152,ID_ATpuOM6Y,1
1153,ID_AU43pvhw,1
1154,ID_AUelUEHS,1
1160,ID_Aa9c28Ii,1
1161,ID_Aa9nDnOt,1
1166,ID_AdcnYr6O,1
1167,ID_AdtrvB2J,1
1168,ID_AeOKsdyi,1
1169,ID_AelfWemQ,1
1170,ID_AfH5BPF6,1
1172,ID_Ag0Defmq,1
1173,ID_AgMeAqBx,1
1174,ID_AgcN5Abu,1
1176,ID_AhSKNLqS,1
1177,ID_AhueLE9Y,1
1178,ID_AkjMo8Nn,1
1180,ID_AlgyRlDT,1
1181,ID_Am9s2IzJ,1
1183,ID_Ambsh2Sm,1
1184,ID_AnFFm2JV,1
1186,ID_Anm65TLK,1
1188,ID_Aq0Lfukw,1
1190,ID_ArafVXu6,1
1193,ID_AsuLFAHH,1
1194,ID_AsvIOMlT,1
1197,ID_AwhLCNHw,1
1200,ID_AyeRNYvN,1
1202,ID_AznDLS9W,1
1203,ID_B0CV5IIC,1
1204,ID_B0aFwVcm,1
1207,ID_B26u4cY0,1
1209,ID_B2dtmhRZ,1
1212,ID_B3JI45Fo,1
1214,ID_B4JQYPUu,1
1216,ID_B4ivCSBu,1
1219,ID_B5Ypp9Gg,1
1220,ID_B5uK2tpf,1
1222,ID_B8GKCSXW,1
1224,ID_B9ic3suP,1
1225,ID_BAEQBtao,1
1231,ID_BE3LtBnT,1
1232,ID_BEdqBKMg,1
1234,ID_BEgkSQAx,1
1237,ID_BGbhtQ1Q,1
1239,ID_BHAubtdo,1
1242,ID_BITbp7Xi,1
1243,ID_BJfdCnXy,1
1244,ID_BJlIfRNf,1
1245,ID_BKxud1Cs,1
1249,ID_BPzOs6BU,1
1250,ID_BQEkHGCP,1
1255,ID_BSO6PUAU,1
1258,ID_BTTywLvp,1
1259,ID_BTVb3DN4,1
1260,ID_BTm5eku6,1
1261,ID_BUEjd2id,1
1262,ID_BVPB6aAh,1
1263,ID_BVeWlJv6,1
1264,ID_BWC8Nfn7,1
1265,ID_BWVJTUn9,1
1266,ID_BWVqXGPI,1
1273,ID_BbZjMYZO,1
1275,ID_BcEOBuWs,1
1277,ID_BdCZcNS5,1
1278,ID_Bdijb624,1
1279,ID_Bf2gYGTT,1
1280,ID_Bg4tvjmR,1
1282,ID_BgX2YqSz,1
1285,ID_BhnkxlDN,1
1289,ID_BisimtSK,1
1290,ID_Bj8lRtqK,1
1292,ID_BlsE7Ue9,1
1293,ID_Bm3rFZvD,1
1295,ID_BoA27Acg,1
1302,ID_BrRyDLyv,1
1303,ID_BtQlqxwd,1
1305,ID_BvUozmTx,1
1306,ID_BvoTaS7P,1
1308,ID_BwSsML8q,1
1310,ID_BwvoPLlW,1
1311,ID_BxPCfFRE,1
1312,ID_Bxw4c8yg,1
1314,ID_BzgEMFu9,1
1317,ID_C1VAatLV,1
1318,ID_C1h3WQou,1
1322,ID_C2YZWQVd,1
1323,ID_C2fd3sXn,1
1324,ID_C3Kw5RQ0,1
1325,ID_C5FZ946f,1
1327,ID_C5Wv54Gx,1
1332,ID_C7UrAVvR,1
1333,ID_C8A2vcNg,1
1336,ID_C9sORQQ8,1
1337,ID_CAbGHlbT,1
1338,ID_CAenppE5,1
1339,ID_CAmRBObQ,1
1340,ID_CCE7o3qj,1
1341,ID_CCgf0WTe,1
1342,ID_CETy63dZ,1
1344,ID_CFk9bXWG,1
1345,ID_CGVtmWHi,1
1346,ID_CGW8juLc,1
1347,ID_CGuqfOAr,1
1348,ID_CH11ToIt,1
1351,ID_CI3uq8op,1
1354,ID_CJKDj2y1,1
1356,ID_CKtl5Tgj,1
1357,ID_CKuRnAEQ,1
1358,ID_CLoOviDx,1
1359,ID_CNEtYekC,1
1360,ID_CNOoikaz,1
1361,ID_CNSSO8OX,1
1362,ID_CNb9WOCB,1
1363,ID_CNekc3wP,1
1366,ID_CPqTnr0E,1
1367,ID_CQ2un0Kd,1
1368,ID_CQP8qjBm,1
1369,ID_CQTcfyd0,1
1374,ID_CTMBRuXB,1
1375,ID_CTdJMIlD,1
1378,ID_CVwpWmMa,1
1379,ID_CXINlKZs,1
1381,ID_CYMR0Ogz,1
1384,ID_CaprJamh,1
1386,ID_Cbni7BCN,1
1387,ID_Ccd3NUgd,1
1388,ID_Cd9qIrsv,1
1390,ID_CdebPe6y,1
1391,ID_CdrplI5I,1
1392,ID_Cfjz6hp6,1
1393,ID_CgjuhxHu,1
1394,ID_CglA4KLL,1
1395,ID_ChRTrcwY,1
1396,ID_ChnaelYN,1
1397,ID_ChyT028f,1
1398,ID_Ci7AGBUR,1
1399,ID_CiJvBCjm,1
1401,ID_Cijqi3Px,1
1402,ID_CjRWFTYb,1
1405,ID_Cl3xM3tY,1
1406,ID_ClMg9Dbi,1
1407,ID_Cn3eS81l,1
1410,ID_CofRiChc,1
1411,ID_Cosdzy68,1
1412,ID_CpXafRNL,1
1413,ID_Cq3u5xb0,1
1415,ID_CrXD27Kl,1
1416,ID_CsMXk73H,1
1417,ID_CstJGRgS,1
1418,ID_CszkRmzz,1
1419,ID_CtZZ3toV,1
1421,ID_CtizEfFl,1
1428,ID_CzTyqKeZ,1
1429,ID_CzaEPcNc,1
1430,ID_D1HPt378,1
1432,ID_D2JoM0X3,1
1434,ID_D36V69l5,1
1435,ID_D3C2cjdV,1
1436,ID_D3pArViI,1
1437,ID_D46H7O4F,1
1438,ID_D4tTURbj,1
1441,ID_D6JtWgI2,1
1442,ID_D6frl6MV,1
1444,ID_D8rYWGXA,1
1446,ID_D9PnzZnO,1
1450,ID_DAiPVjRM,1
1451,ID_DAua2axR,1
1454,ID_DC5huWD9,1
1457,ID_DEKQI7HZ,1
1458,ID_DEVPHGj7,1
1460,ID_DGCjW67W,1
1461,ID_DGeXLlcq,1
1462,ID_DHMPs8xX,1
1463,ID_DHVnTYRz,1
1464,ID_DIBZgmkH,1
1465,ID_DIyspG4x,1
1468,ID_DLurL0uo,1
1469,ID_DMBUfIFT,1
1470,ID_DMQFrMHp,1
1471,ID_DMUCFbaF,1
1473,ID_DO66yoeq,1
1475,ID_DOlhIrvz,1
1476,ID_DOsppxIo,1
1480,ID_DQNVtSdC,1
1481,ID_DRGcspXL,1
1482,ID_DRIsI4vR,1
1483,ID_DRZs5WmR,1
1486,ID_DShZn6aG,1
1489,ID_DUlLOWm3,1
1490,ID_DUpKP1OT,1
1491,ID_DUznP8rZ,1
1494,ID_DVzuxAJc,1
1496,ID_DWf4ryuI,1
1498,ID_DX4BsgdN,1
1500,ID_DXRVca4l,1
1502,ID_DXtLU2Sa,1
1503,ID_DYWnErnP,1
1504,ID_DYilrNHp,1
1506,ID_DZ1gP1uw,1
1509,ID_DafHV7MK,1
1510,ID_DbMrp9Dw,1
1512,ID_DbkULOAK,1
1513,ID_DbwVeWfl,1
1515,ID_DcaZ4Vfy,1
1518,ID_Df6UQUSw,1
1519,ID_DflbYGUX,1
1520,ID_DgSl5OMo,1
1521,ID_DgnBp6Ir,1
1522,ID_DhCpjAdO,1
1523,ID_DhSLO5AK,1
1524,ID_DiFopEIR,1
1525,ID_DigANFS3,1
1528,ID_Dk8PyBoX,1
1529,ID_DkJANU2Z,1
1530,ID_DlQyZKuE,1
1531,ID_DlidaYxM,1
1532,ID_Dm7TUCgK,1
1533,ID_DmSSkl6l,1
1534,ID_Dmcp23S5,1
1535,ID_DmdZsCW7,1
1538,ID_Dn9TQnOX,1
1539,ID_Douh7qOp,1
1541,ID_DpH5LTbJ,1
1543,ID_Dta1huEW,1
1545,ID_DtuiCqub,1
1546,ID_DuE9voqV,1
1547,ID_DuHt0xEZ,1
1549,ID_DvY7fqHi,1
1550,ID_DvcGNIEM,1
1551,ID_DvnsXu73,1
1554,ID_DxBqGaHu,1
1555,ID_Dxuh4mjq,1
1560,ID_E1at67zI,1
1562,ID_E2CBkpUl,1
1568,ID_E54euzIJ,1
1570,ID_E66t1U0f,1
1571,ID_E6HitooW,1
1575,ID_E8UAWR5O,1
1576,ID_E8byFPOC,1
1577,ID_EA9IHw0Z,1
1578,ID_EAuFMHR3,1
1581,ID_ECCi9wfD,1
1582,ID_EEHU9xyJ,1
1583,ID_EEtcoSTL,1
1584,ID_EExXBkqf,1
1586,ID_EF95piYy,1
1591,ID_EIp0okCq,1
1592,ID_EJNSJffe,1
1593,ID_EJkkclya,1
1596,ID_EKh23a2V,1
1597,ID_EKohgWI4,1
1600,ID_ELwOEXVu,1
1603,ID_EMvpPiNn,1
1604,ID_ENBxoszQ,1
1605,ID_ENaBYGi7,1
1606,ID_ENuXRbEH,1
1607,ID_EOP4Yxdk,1
1610,ID_EPXUfo1p,1
1611,ID_EPoJS1r9,1
1612,ID_EPvL8mlo,1
1613,ID_EQcH2Uv9,1
1614,ID_ES5CWRad,1
1615,ID_ESotU4su,1
1616,ID_ESytFjkV,1
1617,ID_ETCTtxWO,1
1620,ID_ETgNq7BH,1
1621,ID_ETpOmn4u,1
1622,ID_EUSot4DR,1
1623,ID_EVBpdLTu,1
1625,ID_EVlecBTj,1
1626,ID_EWS9IDar,1
1628,ID_EY6SVbrN,1
1629,ID_EZ2ANJZN,1
1631,ID_Ealdxkv0,1
1633,ID_Eb2rvmAK,1
1634,ID_EbUs6V7y,1
1636,ID_EcTHfEzY,1
1637,ID_Ecge6Nm0,1
1642,ID_EgaaDYVl,1
1643,ID_Eh6ZfCxe,1
1644,ID_EiJLMhzP,1
1648,ID_Ek6rDCA9,1
1649,ID_ElQdI7R0,1
1650,ID_ElvnoUnN,1
1652,ID_EniiJO3D,1
1654,ID_EocdPki0,1
1655,ID_EpBq4CTo,1
1656,ID_EpVKF300,1
1657,ID_EppsZFnQ,1
1658,ID_Eq8q9kZb,1
1662,ID_ErqDRj4V,1
1663,ID_EsRtL6hl,1
1664,ID_Et19vkQe,1
1665,ID_Et9Q0s67,1
1666,ID_EtlcVyNt,1
1668,ID_EuMGyvvf,1
1669,ID_Evdh6Uj3,1
1671,ID_EwZd9U81,1
1672,ID_Ex5kloP4,1
1673,ID_ExTXKaGb,1
1674,ID_EyYyZrTb,1
1675,ID_EykQwILp,1
1676,ID_F0TH6AsB,1
1677,ID_F0WhjKXj,1
1678,ID_F1rFZMmN,1
1679,ID_F2FJUSkP,1
1680,ID_F3Dgt7xJ,1
1684,ID_F5B2sv58,1
1685,ID_F5GFkva0,1
1686,ID_F5H3qR6e,1
1687,ID_F5xJCpaH,1
1688,ID_F6Gwbkkc,1
1689,ID_F7ePLoE2,1
1690,ID_F80cVV2Z,1
1691,ID_F8KX5TS9,1
1692,ID_FA5j8HVO,1
1693,ID_FAv2GrDi,1
1694,ID_FBfeLtWW,1
1695,ID_FD2JdqEV,1
1696,ID_FDDh3zak,1
1697,ID_FDdt5frA,1
1701,ID_FFYWE3hd,1
1702,ID_FFkWobj5,1
1703,ID_FG82QxJj,1
1707,ID_FJbtNCG7,1
1708,ID_FJjoZNu4,1
1709,ID_FLX4T8Ua,1
1712,ID_FN52PVbq,1
1713,ID_FNJXA9Vk,1
1714,ID_FNU3EUNu,1
1716,ID_FNkxJwzK,1
1718,ID_FOaHR6sI,1
1719,ID_FPDrnqoM,1
1721,ID_FQtVobWh,1
1722,ID_FS2SXzzQ,1
1723,ID_FSyKFkDE,1
1724,ID_FT07V2ch,1
1725,ID_FU1gQiRZ,1
1727,ID_FXLZQ6MR,1
1728,ID_FYU040u5,1
1729,ID_FaQEm7G0,1
1730,ID_Fagvuog0,1
1731,ID_Fak9cZTf,1
1732,ID_FbE0pgfC,1
1734,ID_Fe8NNVbl,1
1735,ID_FeNTQD4R,1
1738,ID_FgUjlrRC,1
1739,ID_FggqH5Za,1
1740,ID_FgjnJZYC,1
1742,ID_FitGmc7I,1
1743,ID_Fj4X7Uap,1
1744,ID_Fj5yzxWR,1
1745,ID_FjMaFRmv,1
1747,ID_FleDM7Hs,1
1748,ID_Flxg00YK,1
1749,ID_FlzedEgv,1
1752,ID_FqNGlyXi,1
1753,ID_Fqvavg4V,1
1755,ID_FsHSDvWq,1
1756,ID_FtLKeEfq,1
1757,ID_FtYu31s8,1
1758,ID_FtZxshEw,1
1759,ID_FttCxH1V,1
1760,ID_FvDci01t,1
1762,ID_Fw5NeKCZ,1
1764,ID_Fxd8N782,1
1767,ID_FyvVTZ8O,1
1769,ID_FzZiogTi,1
1770,ID_FzagZRGA,1
1771,ID_G04Wtk03,1
1772,ID_G0adi2HQ,1
1773,ID_G0x5XWIM,1
1776,ID_G2ZL9RXC,1
1778,ID_G3PmpbHP,1
1780,ID_G5rNPuOq,1
1781,ID_G5ueolg4,1
1782,ID_G6lv9eCL,1
1783,ID_G7ZDG4AK,1
1784,ID_G8SVszSS,1
1788,ID_GApVyebY,1
1790,ID_GCNfj3J2,1
1792,ID_GCu8DgfC,1
1793,ID_GDAEXS4H,1
1794,ID_GDM48fkE,1
1795,ID_GDhSsCh6,1
1796,ID_GERWMjDD,1
1797,ID_GFtWKsjt,1
1798,ID_GGfjRfKr,1
1799,ID_GI622mzn,1
1800,ID_GLCbj0bB,1
1801,ID_GLdiFB0M,1
1803,ID_GNerXkrD,1
1804,ID_GOLT6mMD,1
1805,ID_GP66XF4r,1
1806,ID_GRYArErH,1
1807,ID_GRhRpWud,1
1810,ID_GSYXYiW6,1
1812,ID_GUY4pUJf,1
1813,ID_GUY7E1WP,1
1815,ID_GVWqOWC3,1
1818,ID_GWht0Beo,1
1822,ID_GYq2S3Q6,1
1823,ID_GZ5yBWj2,1
1827,ID_GbbuhcKr,1
1828,ID_GccYeKqD,1
1829,ID_Ge20UNhN,1
1831,ID_GerLYxEZ,1
1832,ID_Gf0EpoM5,1
1833,ID_GfQhLtiJ,1
1836,ID_GhBA0sng,1
1840,ID_GiUu2Z37,1
1841,ID_GkOi1wYk,1
1843,ID_Gkxtin6A,1
1844,ID_Gltgord8,1
1845,ID_GnHLIFJw,1
1847,ID_GoOOZRUg,1
1848,ID_Gr1tOOU1,1
1850,ID_GsfnLZeD,1
1851,ID_GtOdR62I,1
1852,ID_GvrHaL9C,1
1858,ID_GzaKfC1A,1
1860,ID_H0gs21X6,1
1861,ID_H0hvFkWC,1
1866,ID_H1pCPIYx,1
1867,ID_H2ZnyL51,1
1871,ID_H5eO0gOT,1
1874,ID_H6KLcAZ1,1
1875,ID_H7SOLqje,1
1876,ID_H7ppUArv,1
1879,ID_H9giFjmi,1
1880,ID_HA8MUxm1,1
1881,ID_HCdHPlJu,1
1882,ID_HD1YCZVB,1
1883,ID_HDahC9CJ,1
1885,ID_HEWF3pkt,1
1886,ID_HFJtwpEL,1
1887,ID_HGeBiOpH,1
1888,ID_HGpWE9p6,1
1890,ID_HHVlVCFj,1
1893,ID_HKCDC3FN,1
1894,ID_HLFrN0jt,1
1895,ID_HLkE9POb,1
1896,ID_HMC63TIN,1
1898,ID_HNWuVLoX,1
1901,ID_HNeTkIwX,1
1902,ID_HNm5jvH4,1
1903,ID_HNnPKUzr,1
1905,ID_HOvigxV0,1
1906,ID_HQFBKbCM,1
1907,ID_HQNi02TQ,1
1909,ID_HR2m2eXU,1
1910,ID_HRWuCS79,1
1911,ID_HRjTSPP7,1
1913,ID_HRpRzMdk,1
1914,ID_HSnJyYXM,1
1915,ID_HStLC9Gj,1
1916,ID_HSzXVnqx,1
1919,ID_HVkLYtk1,1
1920,ID_HVy0Bc52,1
1922,ID_HWeTkblW,1
1924,ID_HXrITcBs,1
1926,ID_HYnkjBxr,1
1927,ID_HZ88L4bL,1
1929,ID_HcAcaBYS,1
1930,ID_Hd6vOU49,1
1931,ID_HdWX91Bt,1
1932,ID_Hdm0lb8S,1
1935,ID_HfGTdDKY,1
1936,ID_HfsaDbJO,1
1937,ID_HgGb2By2,1
1938,ID_HgV74JfO,1
1941,ID_Hia5dRCO,1
1942,ID_HjqdPUJQ,1
1943,ID_HkgNQTuj,1
1944,ID_HnV7iXI0,1
1946,ID_HoLCoice,1
1947,ID_HrrevpqB,1
1949,ID_Hsmf46KV,1
1951,ID_HsxtUecm,1
1953,ID_HtWeeQlL,1
1955,ID_Httu9GOP,1
1958,ID_HwEA6qrO,1
1963,ID_I2cWG6iT,1
1964,ID_I2stCV5h,1
1965,ID_I31NIFRC,1
1967,ID_I3fil14P,1
1968,ID_I4K1v1hF,1
1971,ID_I58pWpPF,1
1973,ID_I612QS0O,1
1974,ID_I6G8DEJO,1
1975,ID_I7L08yyq,1
1978,ID_I8dHnayY,1
1980,ID_I9NcFInO,1
1981,ID_I9nd88ug,1
1988,ID_IEL9eHSB,1
1992,ID_IG9l3dXL,1
1995,ID_IGsocMQ4,1
1997,ID_IHUOAiIX,1
2000,ID_ILPJuRML,1
2004,ID_IOrhOyQ4,1
2005,ID_IQYedJzu,1
2006,ID_IRTDDrym,1
2007,ID_IRX6zod0,1
2009,ID_IS18VjGd,1
2010,ID_ISSvgWQZ,1
2013,ID_IU9NYgC6,1
2015,ID_IWUC1fvi,1
2016,ID_IWXT1Vqa,1
2017,ID_IWaM2koz,1
2018,ID_IWu8mIfb,1
2021,ID_IYMTSTWT,1
2022,ID_IYepk0tX,1
2025,ID_IbeOkh5u,1
2026,ID_IbrrPlGA,1
2028,ID_IcOy3ak4,1
2029,ID_IdDytQNF,1
2030,ID_IfIMuT6z,1
2032,ID_Ig3zdvq0,1
2034,ID_IhRpbGFG,1
2040,ID_Ijjd7Hq3,1
2043,ID_IlZhDj13,1
2045,ID_IlzHEYbA,1
2048,ID_IndYrTVG,1
2049,ID_Injsi4KL,1
2050,ID_IoVJnBp1,1
2051,ID_IrDGzT5D,1
2052,ID_IrkwIv6C,1
2053,ID_IsXuXaps,1
2057,ID_IwbewIAa,1
2060,ID_IxzL8LcU,1
2061,ID_IyS6il6h,1
2064,ID_IzdG2I9z,1
2065,ID_IziHz5fu,1
2067,ID_J0aM157O,1
2071,ID_J24hJL9s,1
2074,ID_J2nG40iH,1
2075,ID_J3HGbJV6,1
2076,ID_J3j4sZWu,1
2078,ID_J4LKzT2k,1
2079,ID_J5135cB3,1
2080,ID_J5ph0zGN,1
2083,ID_J75fh5uX,1
2084,ID_J8Bxjxoo,1
2086,ID_J9AX6G1r,1
2093,ID_JC97iJ9R,1
2094,ID_JCIfYaoU,1
2097,ID_JD7wlEsn,1
2098,ID_JDHyZkeE,1
2099,ID_JDsMRF6O,1
2100,ID_JEe1SqRm,1
2101,ID_JHnzqaQq,1
2102,ID_JHtpeo4H,1
2103,ID_JHvVf6ZJ,1
2104,ID_JINupEfG,1
2106,ID_JK7H3Enr,1
2107,ID_JMNXVitz,1
2108,ID_JMc5ssQi,1
2110,ID_JNxvEOMk,1
2113,ID_JPLJDoF7,1
2114,ID_JPOXmRAi,1
2115,ID_JPs8MrEm,1
2116,ID_JQEA1XVj,1
2118,ID_JTqQ78sg,1
2119,ID_JTrXbvvS,1
2120,ID_JVZCIyuY,1
2121,ID_JVeUVuNh,1
2122,ID_JXStl6jP,1
2125,ID_Ja1vAeyY,1
2126,ID_Ja35knKe,1
2129,ID_JcZRl5p7,1
2131,ID_JdRE6A8S,1
2136,ID_JipP40gZ,1
2138,ID_JkzKSipe,1
2144,ID_Jo9watcO,1
2145,ID_JoIJZEee,1
2146,ID_JontWCaP,1
2149,ID_JpGN4mRb,1
2152,ID_JpUQJjTi,1
2153,ID_JpjVRxt3,1
2154,ID_JrEbWuTu,1
2158,ID_JuGxdaG2,1
2160,ID_Jux40cv7,1
2161,ID_JvDU5yPu,1
2162,ID_JvOBWMtH,1
2163,ID_Jw40Bw1K,1
2164,ID_JwDTPuIF,1
2168,ID_Jywfe57u,1
2171,ID_K2anK7vf,1
2173,ID_K4WiVMs3,1
2174,ID_K56kzXeX,1
2177,ID_K6xFplOW,1
2183,ID_KD1Q9Ogh,1
2184,ID_KDGUdhTv,1
2187,ID_KDTw0NPH,1
2188,ID_KDdNTc1x,1
2190,ID_KFq7Wcri,1
2193,ID_KGlIjRwL,1
2195,ID_KHXPXfeO,1
2196,ID_KHlK8S2W,1
2198,ID_KIgcXjlT,1
2199,ID_KIpr9JlM,1
2201,ID_KLYMe5QX,1
2203,ID_KMEp4Wez,1
2205,ID_KNUOmYEm,1
2206,ID_KNi13H6f,1
2207,ID_KQfRdOc7,1
2209,ID_KRj3cZGu,1
2210,ID_KSRkp5BZ,1
2211,ID_KTbJav7n,1
2212,ID_KToRwydF,1
2213,ID_KUkMkFfu,1
2214,ID_KVoqgquE,1
2215,ID_KWA6HpE4,1
2216,ID_KWiqDuj3,1
2218,ID_KXfVPITM,1
2221,ID_KYP16CGA,1
2222,ID_KZDWQWqI,1
2223,ID_KZHEjwbi,1
2224,ID_KZPL1DnH,1
2225,ID_Ka9js2DI,1
2226,ID_KaAoPvPs,1
2227,ID_KahTNdrC,1
2230,ID_KcVIpmPH,1
2231,ID_Kd2YLGBJ,1
2232,ID_Kd6i9ij4,1
2233,ID_KdCD0duR,1
2238,ID_KejPkrGh,1
2241,ID_Kfl2L6qC,1
2242,ID_Kfx7Lpcz,1
2243,ID_KgMgjXuf,1
2244,ID_Kga87cth,1
2247,ID_KhD6pzNX,1
2251,ID_KkTqH5uQ,1
2253,ID_KoOt9hfk,1
2254,ID_KojXmgtG,1
2256,ID_KpS9rRbi,1
2257,ID_Kqp0r21B,1
2258,ID_KruibP4J,1
2260,ID_KtUAW2Ks,1
2261,ID_KteCSuPW,1
2264,ID_Kvd5metx,1
2265,ID_KwC8rcuc,1
2266,ID_KwhIvV0q,1
2267,ID_KwqvR9mC,1
2270,ID_KxuCJ9kM,1
2271,ID_KyjAXfVx,1
2275,ID_KzbdujO6,1
2276,ID_KznFFXby,1
2277,ID_KzyF3Mr2,1
2278,ID_L0YiDmck,1
2279,ID_L1b3Bqhc,1
2281,ID_L2n0lir0,1
2282,ID_L4nYwamF,1
2285,ID_L6skRCr4,1
2288,ID_L79s2u3P,1
2290,ID_L8dJnUAi,1
2291,ID_L8p1Khp7,1
2296,ID_LCgxX46d,1
2300,ID_LFO6urVb,1
2302,ID_LGVEyYfl,1
2303,ID_LGbuxoJO,1
2310,ID_LJmqYmmu,1
2311,ID_LKKGxjec,1
2312,ID_LKir5hRn,1
2316,ID_LM7Umqhx,1
2318,ID_LMPLFm0E,1
2319,ID_LMXdub5X,1
2320,ID_LMeteW9q,1
2321,ID_LNULK203,1
2323,ID_LNkDWblV,1
2326,ID_LQoHQas8,1
2327,ID_LRFurjwU,1
2328,ID_LRc5tI5X,1
2329,ID_LRh6Vsv6,1
2330,ID_LScfY7Qm,1
2331,ID_LSmjpku6,1
2333,ID_LTcUuHYV,1
2337,ID_LVtKTq4w,1
2339,ID_LXzzB98E,1
2340,ID_LYTkYQ5q,1
2341,ID_LYasKCFx,1
2344,ID_LZrNR4Wg,1
2347,ID_Lb8jscd6,1
2349,ID_Lbu79N07,1
2351,ID_LdLCkOFA,1
2353,ID_LfTmNXfc,1
2356,ID_LgijIAKz,1
2359,ID_LhT4hUaL,1
2363,ID_LiMaxJVE,1
2364,ID_Lj5dgOaX,1
2365,ID_LjhLAkLi,1
2366,ID_LjynsTAB,1
2367,ID_Lk9NB5QC,1
2368,ID_Lko06lYY,1
2373,ID_LmLYoZDz,1
2375,ID_LnDWk1LD,1
2378,ID_LoQcERot,1
2379,ID_LoykGwQb,1
2380,ID_Lp13GIib,1
2381,ID_LpgAHC3b,1
2382,ID_LpnqTvbW,1
2383,ID_Lq2mok0W,1
2384,ID_Lqu4EDyV,1
2385,ID_LrjkRho7,1
2386,ID_LtcfZRSF,1
2387,ID_LujHczfR,1
2390,ID_Lx7UhRM7,1
2393,ID_Lyx21WIq,1
2394,ID_LzniyvBz,1
2395,ID_M0cpGky4,1
2397,ID_M29BNGY1,1
2399,ID_M3B92vBV,1
2400,ID_M3ZoOtK7,1
2409,ID_M8igt67X,1
2410,ID_M9gV3dkV,1
2411,ID_M9wFHEyj,1
2412,ID_MA8yOjQ2,1
2414,ID_MCBvbczn,1
2415,ID_MCxsGlD2,1
2416,ID_MDtULfzf,1
2418,ID_MDzuzGOJ,1
2419,ID_ME4mUqYC,1
2420,ID_METpioKy,1
2421,ID_MF00AWgd,1
2423,ID_MFVOOH4A,1
2424,ID_MFuRtnMV,1
2425,ID_MGsO8kqo,1
2426,ID_MGu08Yzb,1
2428,ID_MJh55LIx,1
2429,ID_MK8PoeML,1
2430,ID_MKNxZxz5,1
2432,ID_MKm770qw,1
2433,ID_MMPhZ8fN,1
2435,ID_MOxZOZZd,1
2437,ID_MQ29iD1Q,1
2438,ID_MQQcB0Bq,1
2439,ID_MQTIxS1B,1
2441,ID_MR84RaWG,1
2442,ID_MRfMZQC0,1
2443,ID_MSdji9qE,1
2444,ID_MSiDho70,1
2445,ID_MT9UkDyd,1
2446,ID_MTF1wE3f,1
2447,ID_MUMVZrP7,1
2450,ID_MVBc51hI,1
2451,ID_MVmvnwnO,1
2452,ID_MWFkVFJX,1
2453,ID_MX3xTPi6,1
2454,ID_MYIt7V3g,1
2457,ID_MYz2zvtp,1
2458,ID_MZMrlQAA,1
2460,ID_Mb1Tat9p,1
2467,ID_MdRTCZVm,1
2468,ID_Me3EycoE,1
2471,ID_MgGh2Gbd,1
2474,ID_MidQ6LPI,1
2478,ID_MkWNS0gY,1
2479,ID_MkZ9gozl,1
2481,ID_Ml0rfQpu,1
2482,ID_Mm3nzoIB,1
2484,ID_MnWnNKdu,1
2486,ID_MpvGaAsv,1
2489,ID_MqlD8QW1,1
2495,ID_MuXRHJIT,1
2497,ID_MwV910DB,1
2498,ID_MwX4HxAl,1
2500,ID_Mxobej9Z,1
2501,ID_MxrnxyUZ,1
2502,ID_Mxsq0iZI,1
2503,ID_My6rOuub,1
2504,ID_MyH2Wubj,1
2505,ID_MyluWqkF,1
2506,ID_Myyz4ck6,1
2508,ID_N08A4YTH,1
2509,ID_N0yfmbpC,1
2510,ID_N1jShjBg,1
2511,ID_N2BdQZ6F,1
2512,ID_N3Zb4LWB,1
2513,ID_N40uEDj1,1
2515,ID_N4uwMclM,1
2516,ID_N60YY3V5,1
2517,ID_N68DO0hs,1
2518,ID_N6G5er6L,1
2519,ID_N6pFBShs,1
2520,ID_N6xjzsrl,1
2521,ID_N727zlf8,1
2522,ID_N7C6IwaH,1
2524,ID_N890pQrs,1
2528,ID_N90wAIBT,1
2529,ID_N92PM0XS,1
2530,ID_N92XkEyd,1
2532,ID_NAOfLnme,1
2534,ID_NDgjPYus,1
2535,ID_NDjVosaJ,1
2537,ID_NEf3Brio,1
2538,ID_NFWSp48N,1
2539,ID_NGPQR0q0,1
2540,ID_NH2r21mw,1
2541,ID_NHrmiz97,1
2544,ID_NIy7rO0P,1
2546,ID_NKFeE2UQ,1
2547,ID_NLI4dFXZ,1
2548,ID_NLQS2uEz,1
2550,ID_NNHQC1Oo,1
2551,ID_NNPDRnTz,1
2553,ID_NNYRkJGf,1
2554,ID_NNgFxofu,1
2556,ID_NOlfiEoc,1
2558,ID_NPxalx5y,1
2559,ID_NQ7yX1xy,1
2560,ID_NRm1tp7A,1
2561,ID_NRtBgtwX,1
2562,ID_NSfEItZw,1
2565,ID_NTUqHNA5,1
2567,ID_NUYAuR76,1
2572,ID_NWddmCY1,1
2573,ID_NWw0dsfm,1
2574,ID_NXAQznXM,1
2580,ID_NZE8fvxx,1
2581,ID_NZERCd6Y,1
2584,ID_Nbv5XQqd,1
2585,ID_Nc5WFLEc,1
2589,ID_NfqhslWc,1
2590,ID_NfyYxxeI,1
2591,ID_NgHHANAP,1
2592,ID_NgbcYEEz,1
2593,ID_NhVpV37O,1
2595,ID_Ni3pROI9,1
2597,ID_NiWzIe4V,1
2598,ID_NicKMf1z,1
2600,ID_NiyKp9KG,1
2602,ID_NjMGGzfF,1
2603,ID_NjWyk3de,1
2604,ID_NjXq7x27,1
2606,ID_NkUsL7w3,1
2607,ID_NkYNIA6I,1
2608,ID_NkrshsO8,1
2612,ID_NoMezrLK,1
2615,ID_NobboChl,1
2620,ID_NqkGIv8a,1
2621,ID_NrQWVYcO,1
2622,ID_NsPgjHzt,1
2625,ID_NtMKzBmi,1
2626,ID_NuJOUQ2d,1
2627,ID_Nunxu9Cb,1
2629,ID_NwfU0jPe,1
2633,ID_O0Bp7grh,1
2634,ID_O0tPZ0S7,1
2635,ID_O2Fj0Ihj,1
2638,ID_O496fzCQ,1
2639,ID_O6UlC4rE,1
2642,ID_O7iRvIBa,1
2644,ID_O9EUScTi,1
2646,ID_O9TPUY26,1
2651,ID_OBz5SDCi,1
2652,ID_OCpkQmsp,1
2657,ID_OE5padiZ,1
2659,ID_OEBlE59U,1
2660,ID_OFIc6unD,1
2661,ID_OFo8PhEj,1
2663,ID_OGKCOodl,1
2664,ID_OHiLaAdY,1
2665,ID_OI2Nh9rI,1
2667,ID_OJQC7bPT,1
2668,ID_OJiDjBAs,1
2670,ID_OKJDasfU,1
2676,ID_ON7oyvm1,1
2679,ID_OOdRvRiT,1
2680,ID_OPWP1aGW,1
2681,ID_OPhRARQv,1
2682,ID_OPvS3yx9,1
2683,ID_ORBBw5kY,1
2684,ID_OROpGYoU,1
2685,ID_ORP28yy0,1
2689,ID_OWS3lPUc,1
2690,ID_OXL4bGwQ,1
2692,ID_OYvBYqkx,1
2697,ID_ObKoc5gb,1
2700,ID_OeQfg1jl,1
2711,ID_OjsIBBuU,1
2713,ID_OlI1tJ05,1
2715,ID_OmmZ9B1E,1
2717,ID_OovimP5e,1
2718,ID_OptvxtG5,1
2719,ID_OpxGUpdP,1
2720,ID_OqwvIn3k,1
2721,ID_OrT2dzji,1
2722,ID_OsZQhdsM,1
2724,ID_OtpR1X17,1
2726,ID_OucYoqXi,1
2729,ID_Ow6t26nX,1
2730,ID_OwGpoQNb,1
2732,ID_OxUYrcbb,1
2733,ID_OxX1CXUN,1
2734,ID_OzYSBcM6,1
2735,ID_P0AP6Aul,1
2736,ID_P0zyMbg2,1
2738,ID_P2U50hSD,1
2740,ID_P3Kk5PGy,1
2741,ID_P3n01GFJ,1
2742,ID_P4sFAiR5,1
2744,ID_P5u61XmW,1
2745,ID_P8eGMCxK,1
2752,ID_PBs3YHVa,1
2753,ID_PByw5g4g,1
2755,ID_PCHTJHXJ,1
2757,ID_PFlqBuyn,1
2758,ID_PG2aSL6i,1
2761,ID_PI4gii00,1
2762,ID_PIkyIGux,1
2763,ID_PIqqSFJf,1
2765,ID_PL8EmuCw,1
2766,ID_PLP3RKLU,1
2770,ID_PMNu1Nkl,1
2771,ID_PMqXUJLZ,1
2772,ID_PNc6pjwG,1
2774,ID_PPM83NC8,1
2778,ID_PQy0j8iw,1
2780,ID_PSloE46B,1
2781,ID_PT0ohxRT,1
2782,ID_PT4MvxLD,1
2784,ID_PTsbR3x6,1
2785,ID_PUCI3zXa,1
2787,ID_PViZKaor,1
2788,ID_PWLpINmF,1
2789,ID_PXeaLqFa,1
2791,ID_PZarDH1Y,1
2793,ID_Pb89h44v,1
2796,ID_PdfgnbVE,1
2797,ID_PdxJjhaQ,1
2798,ID_Pe1sHdsV,1
2800,ID_PfbBFjaY,1
2801,ID_PfjilcR4,1
2805,ID_PhcaE2ZQ,1
2807,ID_Phk2AvWb,1
2808,ID_PiqP94UU,1
2809,ID_PjS0dai7,1
2810,ID_PjqfWju5,1
2814,ID_Pm24gxbI,1
2815,ID_PmHqCmmC,1
2819,ID_PnZsQi6P,1
2821,ID_Pq3F0Vpk,1
2822,ID_Pr32FDnS,1
2823,ID_Prk1vx1b,1
2824,ID_PsBJJsFV,1
2825,ID_PscbRzoX,1
2827,ID_PspexAt8,1
2833,ID_PuO0LoEp,1
2834,ID_PuT4xOVP,1
2835,ID_Pupkvy8K,1
2837,ID_PvlYH1wa,1
2838,ID_PxBBbMU9,1
2839,ID_Pxc2qxSv,1
2840,ID_PxfaAtDJ,1
2842,ID_PypcbSCq,1
2845,ID_PzH0bJSE,1
2847,ID_Q03SXBHt,1
2849,ID_Q0UEbhG8,1
2853,ID_Q1yEQiml,1
2854,ID_Q2PuQfqz,1
2856,ID_Q34oEdVJ,1
2858,ID_Q4ny1Y3B,1
2859,ID_Q4oyD38N,1
2862,ID_Q7gPCjTo,1
2865,ID_Q8h21HRr,1
2866,ID_Q8i6sdEr,1
2870,ID_QBFFaez1,1
2872,ID_QCPr8Ytm,1
2873,ID_QCq39rUZ,1
2874,ID_QCw9qsQq,1
2877,ID_QFRcY08Q,1
2879,ID_QH1SROeg,1
2881,ID_QHs2Esfv,1
2882,ID_QHvIqvij,1
2883,ID_QHwRZcF1,1
2885,ID_QJOOuG8Q,1
2887,ID_QKoYFpnj,1
2889,ID_QN3NLEX7,1
2890,ID_QNgvIrht,1
2891,ID_QO5wQyZn,1
2892,ID_QO74RU1h,1
2893,ID_QO7iqI3o,1
2894,ID_QOhHVAVJ,1
2895,ID_QOp0kXJE,1
2896,ID_QQZN7ZTt,1
2897,ID_QQvKTiQk,1
2898,ID_QRNe6eZ6,1
2900,ID_QSNCpJUJ,1
2901,ID_QSXKTyqv,1
2905,ID_QTpr182W,1
2906,ID_QTvmeP79,1
2908,ID_QUAwM3Ya,1
2910,ID_QUeZ7Reo,1
2911,ID_QUmDT8k9,1
2913,ID_QV2biWie,1
2915,ID_QWsfPaTE,1
2916,ID_QXYvzsYp,1
2917,ID_QYXQzqlS,1
2918,ID_QYbQuRCB,1
2919,ID_QZLZHCF2,1
2920,ID_QZTlCuPY,1
2924,ID_QbT3EPcy,1
2926,ID_QbllejsV,1
2929,ID_Qd5CihXA,1
2930,ID_QdElSQae,1
2932,ID_QeEFHEXg,1
2933,ID_QeTleoer,1
2934,ID_QeWObYqq,1
2935,ID_QeZWphlU,1
2937,ID_QfjG4um9,1
2938,ID_QfsneZqa,1
2939,ID_QgXhqcWI,1
2940,ID_QgeJZQEr,1
2941,ID_QghV79qA,1
2943,ID_Qh9qBARI,1
2944,ID_QhFxaft1,1
2946,ID_QhtCUgS6,1
2947,ID_Qie940H0,1
2950,ID_Ql6s2kZU,1
2951,ID_QlXLcthW,1
2952,ID_Qm0VTQ6m,1
2954,ID_Qn8myrjQ,1
2955,ID_QncziU1E,1
2956,ID_QotO7QvD,1
2957,ID_Qp5Wv7nZ,1
2958,ID_QpLnj2YF,1
2959,ID_QrNasmCr,1
2960,ID_QrTZMLG0,1
2961,ID_QsIL0Rbe,1
2963,ID_QseDEYf9,1
2964,ID_QsjxM1vt,1
2965,ID_QspnBs0v,1
2969,ID_QvR3UNtI,1
2974,ID_QwaoUkoj,1
2975,ID_QyD7wyOh,1
2976,ID_QyqVe3B5,1
2977,ID_QyzBhHIy,1
2978,ID_QzcOHyan,1
2979,ID_QzxbjGEM,1
2983,ID_R1KcK0OO,1
2984,ID_R20vG9vW,1
2986,ID_R2j0n3O3,1
2988,ID_R45dGFYw,1
2995,ID_R80mZYLz,1
2997,ID_R8nnlw6e,1
2999,ID_R9ZyMUgW,1
3002,ID_RCa1T3yM,1
3003,ID_RDOvmZQ9,1
3004,ID_RDWBQwrW,1
3005,ID_RDYriyHt,1
3010,ID_RF24cngv,1
3011,ID_RFCesroL,1
3012,ID_RFIa1BOm,1
3013,ID_RFVCrF0j,1
3015,ID_RGYV5gxw,1
3016,ID_RGa1nVxP,1
3018,ID_RKSsPllu,1
3021,ID_RMgb7VAE,1
3022,ID_RN548UBg,1
3026,ID_RONFSPmj,1
3027,ID_ROivvPB4,1
3035,ID_RQbzuHtn,1
3036,ID_RS12gZOF,1
3039,ID_RTFp7reO,1
3041,ID_RTwxmaEZ,1
3042,ID_RUBOu12e,1
3044,ID_RV7MNiIu,1
3045,ID_RVDjdwqC,1
3046,ID_RVJo0B75,1
3048,ID_RWfx4CqR,1
3052,ID_RZWlnPRU,1
3053,ID_RZpDpIaX,1
3055,ID_RahAaNL3,1
3056,ID_RbEJGWKt,1
3057,ID_RbYaEyIi,1
3058,ID_Rc4q2ACw,1
3065,ID_Rf8lMI2J,1
3069,ID_Rh4Vm3Tk,1
3070,ID_RhELvQe1,1
3071,ID_RhqvYHcZ,1
3074,ID_RjaatrHV,1
3075,ID_RjqRCTxI,1
3079,ID_RmTR7Re6,1
3080,ID_Rnd2OcXi,1
3082,ID_Ronn9zAY,1
3083,ID_RpqMPNzF,1
3085,ID_RqiHxvMy,1
3086,ID_RqxLoVHx,1
3087,ID_Rr8FyAM9,1
3088,ID_RrI1DkJo,1
3090,ID_Rs6AgIKC,1
3091,ID_RsBAr2B5,1
3092,ID_RsEns66h,1
3096,ID_RtSUKc6n,1
3097,ID_Rtjew1fE,1
3098,ID_Ru5oGLDq,1
3101,ID_RvcG9mc4,1
3102,ID_RviRplp5,1
3103,ID_RvlCrsOI,1
3105,ID_Rw5gZb63,1
3106,ID_RxtOcq6F,1
3110,ID_RzHLzIBZ,1
3112,ID_RzlWk2y5,1
3113,ID_S0pzfANe,1
3114,ID_S1UsbJnB,1
3115,ID_S2Q4ujcw,1
3118,ID_S2wit7G2,1
3120,ID_S3cVe9oB,1
3121,ID_S3pCIoBR,1
3124,ID_S5UkVgfg,1
3126,ID_S88shH1W,1
3130,ID_SBieR7p9,1
3132,ID_SC6jGAFc,1
3133,ID_SCNiJY7o,1
3136,ID_SE1mltUt,1
3143,ID_SGrsalER,1
3149,ID_SKCZGcB1,1
3151,ID_SL300XGf,1
3152,ID_SLj3GJ8S,1
3153,ID_SLj9Wb3M,1
3159,ID_SOunZ8Ps,1
3160,ID_SQRuclAn,1
3161,ID_SQWeV2Pf,1
3162,ID_SQzPMjGM,1
3163,ID_SREFHemx,1
3167,ID_ST4987MJ,1
3168,ID_STRChR2J,1
3169,ID_STrHaO7p,1
3171,ID_SW72nhOg,1
3173,ID_SWzC0Hul,1
3177,ID_SapTV3pV,1
3178,ID_SaxxWy10,1
3180,ID_SbphqFQ8,1
3181,ID_SbvZ7e1R,1
3182,ID_ScWQFpOY,1
3183,ID_SdFs2xDl,1
3184,ID_SdTd4nxB,1
3185,ID_SdbALPQA,1
3186,ID_SepbCFQt,1
3187,ID_SeueJNgt,1
3190,ID_Sg5GP3fA,1
3194,ID_Shls1u0s,1
3196,ID_SiRdcO5A,1
3197,ID_SjaMqqgJ,1
3201,ID_SmXQE89v,1
3205,ID_SoUvjOsG,1
3206,ID_SpW6SZ7q,1
3207,ID_SqB0EMJz,1
3208,ID_SqTUNh7u,1
3210,ID_SrvTTdNp,1
3213,ID_StdFnPDH,1
3214,ID_Sv5avHOK,1
3215,ID_SwHhkAsr,1
3218,ID_SxDfykUE,1
3220,ID_SyayCI99,1
3221,ID_SygVoxfa,1
3222,ID_SyjIv1w3,1
3223,ID_SypHvJRN,1
3225,ID_T1LcetY0,1
3226,ID_T1ThaGXK,1
3227,ID_T2A79ypL,1
3228,ID_T364UHiG,1
3232,ID_T5MB7fvs,1
3233,ID_T5VywPAZ,1
3234,ID_T6plfedb,1
3239,ID_T88mPl8w,1
3243,ID_TA6ksLUI,1
3248,ID_TAr6Xajc,1
3253,ID_TEWHgI2R,1
3254,ID_TFIHUGm3,1
3255,ID_TFc9vgAr,1
3256,ID_TGABqG5P,1
3257,ID_THCC929e,1
3258,ID_THS5QUaR,1
3259,ID_TI9HvdL6,1
3264,ID_TJJ01Ory,1
3267,ID_TLRs0Rje,1
3268,ID_TLdGx7n9,1
3269,ID_TMK9YhD6,1
3273,ID_TPoCMwY6,1
3275,ID_TRAo2wo3,1
3276,ID_TRjc6KJQ,1
3280,ID_TVIPjm3p,1
3281,ID_TVKsr1S8,1
3285,ID_TYHNdiQd,1
3286,ID_TZ2HGw9h,1
3289,ID_TaA8zmaV,1
3292,ID_TaXeofsS,1
3293,ID_TasfVY0M,1
3296,ID_Td4hDSoR,1
3298,ID_TdcwBA0O,1
3302,ID_TfAb6Bc7,1
3303,ID_TfsEeZqa,1
3306,ID_TgyTkzfR,1
3308,ID_Tih4cGU3,1
3309,ID_TjMqTn0a,1
3313,ID_Tl08eFo6,1
3314,ID_TloT3cig,1
3315,ID_TmEvreoi,1
3317,ID_Tna3QKES,1
3319,ID_TokX6IWg,1
3324,ID_TsCp4jY9,1
3329,ID_TuqT2y5Y,1
3330,ID_TvHb1Tg0,1
3331,ID_TvV98IIP,1
3332,ID_TxibbIQt,1
3334,ID_TyBnmTF1,1
3335,ID_TzHmvOmW,1
3340,ID_U3EixjPm,1
3341,ID_U3fmKBFq,1
3343,ID_U43M7yjb,1
3344,ID_U4UmMVM2,1
3345,ID_U6ODeMXn,1
3346,ID_U7b2f2q9,1
3351,ID_U9k8oFDY,1
3352,ID_UAxkZKPQ,1
3353,ID_UBV4RVB4,1
3354,ID_UBaaCjRC,1
3357,ID_UCh8EExb,1
3359,ID_UDNreQK0,1
3360,ID_UEAsiKO6,1
3363,ID_UFt2x3uo,1
3364,ID_UG08t6x4,1
3365,ID_UGLwBy1G,1
3366,ID_UHJJ0U0u,1
3367,ID_UIhHCFzy,1
3368,ID_UIhuJUVz,1
3372,ID_UJxnHywk,1
3374,ID_ULV6C5Ao,1
3375,ID_UM2jDok8,1
3376,ID_UMAbHhii,1
3380,ID_UOCxZLO6,1
3381,ID_UOzcZYv1,1
3382,ID_UPE1DDto,1
3383,ID_UPduy5fd,1
3384,ID_UPyjHfg6,1
3387,ID_UR3uF2yI,1
3390,ID_USZHqd7U,1
3392,ID_USpe6JDD,1
3393,ID_UT2OCpLg,1
3394,ID_UT4t8r8N,1
3395,ID_UTEwpJGk,1
3398,ID_UVPAFHIj,1
3400,ID_UVURfkDT,1
3407,ID_UcEZtFc8,1
3411,ID_UeMEVl4w,1
3416,ID_UgIcSoMH,1
3417,ID_UgQYyfJG,1
3421,ID_UhXjUwuE,1
3423,ID_UiCIruSA,1
3425,ID_Uic2wjxJ,1
3430,ID_UlSJ24oO,1
3431,ID_Uli1zOjh,1
3433,ID_UlrQ496f,1
3435,ID_UmMihpdB,1
3437,ID_Umq3qih3,1
3438,ID_UnQ1XiGS,1
3439,ID_UoFBISeu,1
3440,ID_UoOu6Sqt,1
3443,ID_Ur2GKjok,1
3445,ID_UsqMX0wm,1
3448,ID_Uu0DbjGt,1
3449,ID_Uu1ktiPa,1
3450,ID_Uu6Y4GtH,1
3453,ID_UuUjSXqj,1
3456,ID_UwDarhVv,1
3457,ID_UwQP7q21,1
3460,ID_V0pr9mea,1
3463,ID_V2SzqOqs,1
3466,ID_V3SCqOi7,1
3472,ID_V6yq7ZB5,1
3474,ID_V8dMvP5z,1
3479,ID_VBghfUAA,1
3480,ID_VCJUZcsj,1
3481,ID_VCzHN6da,1
3487,ID_VGt9t9YR,1
3488,ID_VHDtgtLZ,1
3489,ID_VHl6wHcG,1
3491,ID_VJlIqhkI,1
3492,ID_VJodLX5u,1
3493,ID_VJrBdmdW,1
3499,ID_VMbn6GB6,1
3501,ID_VN0Xr44J,1
3502,ID_VNAj2x1k,1
3503,ID_VQV9eX1Y,1
3505,ID_VSF7qEoo,1
3507,ID_VTSR5rqT,1
3508,ID_VTUG5iQH,1
3510,ID_VTaE5CHe,1
3511,ID_VTglXpXq,1
3517,ID_VWTy28ZB,1
3518,ID_VXkd67rQ,1
3519,ID_VXtmuVPz,1
3520,ID_VYKUjYbx,1
3523,ID_VbDTYnyI,1
3524,ID_Vc7JwPc6,1
3525,ID_VcSeJ2XV,1
3527,ID_VdA1qcOy,1
3529,ID_VdLvqAjS,1
3533,ID_VgfiHrqO,1
3534,ID_VhbdQfga,1
3535,ID_VhhFWZ3O,1
3539,ID_VkikVrNH,1
3541,ID_VmFRNzcL,1
3542,ID_VmUzNwZ1,1
3543,ID_VoCyO7fl,1
3544,ID_Vqmgyo6H,1
3548,ID_VrXoBdDW,1
3549,ID_VsKfd44K,1
3551,ID_VuVLzwg9,1
3552,ID_VueDS2re,1
3554,ID_Vwqpcs1v,1
3555,ID_VxUriLal,1
3557,ID_VxvZMLW0,1
3558,ID_Vxx32Yq7,1
3560,ID_Vytny9kf,1
3562,ID_W04rLiHG,1
3564,ID_W0qKLrrH,1
3565,ID_W1RRwbq8,1
3568,ID_W38KH0Xj,1
3569,ID_W3EObzDU,1
3570,ID_W47COcBK,1
3571,ID_W61p3aAQ,1
3572,ID_W62VsOkg,1
3575,ID_W80CcU3j,1
3577,ID_W8WLYpIU,1
3578,ID_W8evrRsu,1
3580,ID_W9HlOSHz,1
3581,ID_W9OA0TeP,1
3584,ID_WAgC1c3j,1
3585,ID_WDSWneJb,1
3586,ID_WEmNG8SK,1
3587,ID_WF9WfiAh,1
3591,ID_WHF9Ncg5,1
3592,ID_WIdHcEqo,1
3593,ID_WKZzRtaq,1
3594,ID_WLZ57Q5J,1
3595,ID_WLxsovWD,1
3598,ID_WMsdxzef,1
3599,ID_WOQPbfpM,1
3602,ID_WPAFIcPF,1
3604,ID_WPlKAvzs,1
3606,ID_WRyrW0rA,1
3611,ID_WTYUVIvv,1
3615,ID_WUirJE51,1
3620,ID_WXM1w2N4,1
3621,ID_WXu5rq7W,1
3622,ID_WXv4w3Ec,1
3624,ID_WY5oPzPF,1
3625,ID_WYNPf9N3,1
3628,ID_WaI42qgT,1
3629,ID_WaJqR46b,1
3631,ID_WahYduyq,1
3632,ID_WcFbeKvy,1
3635,ID_WdgzTUjj,1
3637,ID_WeDsTAmc,1
3638,ID_WeJZiUZP,1
3642,ID_WgQZg0U1,1
3646,ID_WjtQWBun,1
3647,ID_Wk6WrAN6,1
3648,ID_WlawhVn4,1
3649,ID_WmWhzyj2,1
3653,ID_WnuCLMlE,1
3654,ID_WoMUhg4L,1
3655,ID_WouevQX8,1
3658,ID_Wqm52LKZ,1
3659,ID_WqugAVyo,1
3662,ID_Wu91Taya,1
3663,ID_Wvk2qbZx,1
3666,ID_WzBkNAeL,1
3670,ID_X04eCsw7,1
3671,ID_X0XktonV,1
3673,ID_X2dE0Leb,1
3674,ID_X3RQFflO,1
3678,ID_X3vVR1wP,1
3681,ID_X4L5SYqi,1
3682,ID_X4OG3inn,1
3686,ID_X5vhVA7B,1
3689,ID_X9x40lQw,1
3690,ID_XA070NLW,1
3691,ID_XAULQNLO,1
3692,ID_XAdQTyy8,1
3693,ID_XBllrDnj,1
3696,ID_XDFmOeyy,1
3699,ID_XG2SHE7X,1
3703,ID_XGuqBx3b,1
3704,ID_XGywynbS,1
3705,ID_XHAhsHyO,1
3707,ID_XIzVsPBp,1
3708,ID_XJS6pQmm,1
3710,ID_XJWkWOl4,1
3712,ID_XLFphudR,1
3713,ID_XLUTPEj7,1
3714,ID_XLtbRdXE,1
3715,ID_XM4JxJPq,1
3716,ID_XMJ1BcDD,1
3719,ID_XMgS33uQ,1
3721,ID_XOxJSyDt,1
3723,ID_XPaDOpJp,1
3724,ID_XPvZoOKa,1
3726,ID_XQdkBdKW,1
3727,ID_XQinaFkG,1
3728,ID_XQy74qfd,1
3729,ID_XS8RBGpO,1
3730,ID_XSfPvzl8,1
3731,ID_XSzKThbx,1
3734,ID_XVM2aVb1,1
3735,ID_XVX2aaHP,1
3736,ID_XX0XWP6C,1
3738,ID_XXOqLDvE,1
3739,ID_XY8AW3c2,1
3740,ID_XYhIFFSv,1
3743,ID_XZLwe4l2,1
3745,ID_XaWvRM9V,1
3749,ID_XbhlhhqS,1
3750,ID_XcJA43Xa,1
3751,ID_XcciZ2LB,1
3754,ID_Xfdb6Lob,1
3759,ID_Xk1YzQZu,1
3761,ID_XkOz0VJn,1
3762,ID_XllEbAT5,1
3763,ID_Xm7P6FNj,1
3767,ID_XnykmIHL,1
3768,ID_Xo1ClmbH,1
3773,ID_XrNNeQuO,1
3774,ID_XrtGzewb,1
3775,ID_XrvSHWlM,1
3778,ID_Xvoperqk,1
3780,ID_Xvsv8Abw,1
3782,ID_XxExVTXV,1
3785,ID_XxxntjJx,1
3786,ID_XzVt8MyV,1
3787,ID_XzbbxWHh,1
3789,ID_Y1NPGSyU,1
3791,ID_Y3EhYLx7,1
3793,ID_Y63x7AVI,1
3796,ID_Y7rL0OhT,1
3798,ID_Y9n6NiYZ,1
3799,ID_YAaxtjU9,1
3805,ID_YCAyReel,1
3806,ID_YD0FUQvS,1
3809,ID_YHIU0tFk,1
3811,ID_YIEjJnG0,1
3812,ID_YIFez89J,1
3813,ID_YIoj42g4,1
3817,ID_YKkN984l,1
3824,ID_YR2NWekp,1
3826,ID_YSiXMNj8,1
3827,ID_YTR7rEPW,1
3828,ID_YUBATwYe,1
3829,ID_YUYMV28W,1
3834,ID_YXsQrgba,1
3836,ID_YaXYfpIg,1
3837,ID_YcLJjHTE,1
3839,ID_YdviV9U3,1
3840,ID_YeMEt1YD,1
3843,ID_YgLAk5i0,1
3844,ID_YgRszils,1
3846,ID_Yhj2UztZ,1
3847,ID_YiCARjea,1
3848,ID_YiMn590m,1
3851,ID_Yl3kH0dz,1
3854,ID_Ylm97awO,1
3856,ID_YmMNzXcr,1
3857,ID_YmqXe0dw,1
3859,ID_YpWAaDEH,1
3860,ID_YpkY0jlT,1
3861,ID_Yr2yhZcB,1
3862,ID_Ys47xg3Z,1
3864,ID_YsXa2krm,1
3865,ID_YthpEM8V,1
3866,ID_Yumh2xAN,1
3867,ID_YwTrqh4q,1
3868,ID_YwhtkKwc,1
3872,ID_YxrETJlE,1
3873,ID_YywUQG4h,1
3874,ID_YzQi1E4h,1
3877,ID_Z0zEFJGB,1
3880,ID_Z5JdXUFX,1
3881,ID_Z5NG8hO4,1
3883,ID_Z6sGCj6G,1
3885,ID_Z7jPqfzB,1
3887,ID_Z7mAaw5D,1
3890,ID_Z8wEzxqR,1
3891,ID_Z9EGvlF5,1
3893,ID_ZAK5aaSi,1
3894,ID_ZB7Zxd2u,1
3898,ID_ZDD2UE9B,1
3899,ID_ZDpRkUa3,1
3900,ID_ZFHLUY5w,1
3901,ID_ZFfX4oP5,1
3902,ID_ZG9Wushp,1
3904,ID_ZGlwKrK5,1
3908,ID_ZK3vNMVO,1
3910,ID_ZKkdkZpl,1
3911,ID_ZLbe8yEo,1
3912,ID_ZLoVQ7TQ,1
3913,ID_ZMQoCQzz,1
3916,ID_ZMyFNe6N,1
3918,ID_ZOYqRypx,1
3919,ID_ZPTPAFhy,1
3920,ID_ZQ15jErQ,1
3924,ID_ZQwzltiR,1
3925,ID_ZR14vtwC,1
3927,ID_ZR81i5E8,1
3930,ID_ZRLlHZIt,1
3932,ID_ZSJmflEX,1
3934,ID_ZTS2vuRC,1
3935,ID_ZTViKcmu,1
3940,ID_ZUZGc6Tr,1
3942,ID_ZWEjqIny,1
3944,ID_ZWkd7wOv,1
3949,ID_ZarrI5Dm,1
3951,ID_Zbk8NuCC,1
3954,ID_ZdilEuVe,1
3956,ID_ZevtbBtx,1
3958,ID_ZfgCaMlt,1
3959,ID_ZfnNnLFr,1
3960,ID_ZgKTwnfR,1
3961,ID_Zgv1qlDd,1
3962,ID_ZiIHM3bi,1
3963,ID_ZiL1CX7c,1
3964,ID_ZiRC2MSD,1
3967,ID_ZkbDtthS,1
3968,ID_Zkz72mux,1
3969,ID_ZloqPpzZ,1
3971,ID_Zmd07zO0,1
3972,ID_ZowiBY1h,1
3974,ID_ZpZFnGHI,1
3975,ID_ZprZYytY,1
3976,ID_ZqvsU8jJ,1
3980,ID_ZtMTDibn,1
3982,ID_ZvXkjsie,1
3985,ID_ZwAc05ax,1
3987,ID_ZwRNfPRR,1
3989,ID_Zww98ref,1
3991,ID_ZxYy5vC2,1
3992,ID_ZyHBkuh3,1
3993,ID_ZyPyS6IG,1
3994,ID_a0mtmYie,1
3995,ID_a117M9um,1
3996,ID_a119Hhik,1
3997,ID_a1VA8Kd6,1
3998,ID_a2QWzN0f,1
4000,ID_a46KbfiY,1
4002,ID_a4cXVLw7,1
4004,ID_a5QG8kTK,1
4008,ID_a6Xbnrfd,1
4011,ID_a7tICAYc,1
4012,ID_a8thu2cw,1
4013,ID_a91SvZ0A,1
4014,ID_aAgRW9OP,1
4015,ID_aB3S75ZM,1
4016,ID_aBCWMRpC,1
4017,ID_aBje08da,1
4018,ID_aCWAk9wf,1
4020,ID_aCf6hvwA,1
4021,ID_aDCpuEM5,1
4022,ID_aF2gZ9DY,1
4023,ID_aFMNpAPT,1
4024,ID_aFmNElor,1
4026,ID_aFvIeQah,1
4027,ID_aGehG2He,1
4029,ID_aHhPwjdN,1
4032,ID_aIO2ZkOC,1
4035,ID_aJ6G4NjB,1
4036,ID_aJHs7VCQ,1
4038,ID_aJw5AEhd,1
4042,ID_aKp3eq2X,1
4047,ID_aO6FRf9m,1
4048,ID_aOMOpOxX,1
4049,ID_aObiqCcr,1
4050,ID_aOvRkiDv,1
4051,ID_aP3CbXe8,1
4052,ID_aPMWHMWw,1
4054,ID_aQPbRzvj,1
4055,ID_aQZOwJX7,1
4058,ID_aSRu4i1S,1
4059,ID_aScklfPW,1
4062,ID_aTS2qari,1
4066,ID_aV0xLFBq,1
4068,ID_aVYXPZN3,1
4069,ID_aWCtrLfD,1
4071,ID_aXWpxc2P,1
4072,ID_aXjZzsjK,1
4073,ID_aXmShHYI,1
4075,ID_aZSmEIJn,1
4076,ID_aZbIY95r,1
4077,ID_aZyTH85u,1
4078,ID_aaWupKUP,1
4079,ID_ab8xeSzt,1
4081,ID_abuX7fho,1
4082,ID_abxAAB2S,1
4084,ID_acVYMltu,1
4087,ID_adaPlhnj,1
4090,ID_afhUEcvE,1
4091,ID_ag1vYEGw,1
4093,ID_aiMGij3c,1
4096,ID_aj2puvDP,1
4097,ID_ak06sx9s,1
4098,ID_akMv1JQc,1
4099,ID_akStYsZt,1
4100,ID_aluinG2r,1
4101,ID_am7WADqF,1
4102,ID_amQTEheJ,1
4103,ID_amWmZFAu,1
4104,ID_amchXb5R,1
4108,ID_aoU57MyY,1
4111,ID_apzPzX83,1
4112,ID_aqCw5L7I,1
4114,ID_arWGKHd9,1
4119,ID_auSgqUJA,1
4120,ID_avkXqSsQ,1
4121,ID_awB98J6e,1
4125,ID_ayOcct4J,1
4126,ID_b009GKT4,1
4127,ID_b0eNjAnU,1
4131,ID_b5zepz0N,1
4132,ID_b6R7ccAs,1
4136,ID_b768A0Gt,1
4137,ID_b7R0oECd,1
4138,ID_b7dn6RK2,1
4144,ID_bAJpBE4p,1
4145,ID_bAtrsm11,1
4147,ID_bDGE1hEm,1
4148,ID_bDWyOqF0,1
4152,ID_bEbt9ORv,1
4155,ID_bGHyV4hc,1
4156,ID_bGid2VMk,1
4158,ID_bGyjopiJ,1
4159,ID_bGywX3ka,1
4162,ID_bKPS2vOV,1
4163,ID_bKW1Ubcx,1
4165,ID_bLWB3qw5,1
4166,ID_bLaipNFn,1
4167,ID_bLnJB0Ar,1
4168,ID_bNanR3xj,1
4169,ID_bNzpqT2U,1
4170,ID_bOjYCJUG,1
4171,ID_bPI1HUsc,1
4172,ID_bPtbccjK,1
4175,ID_bR4uu8uL,1
4176,ID_bRo7sbd8,1
4177,ID_bTJhuvsu,1
4179,ID_bURzOH5h,1
4180,ID_bUUGzJ2Q,1
4182,ID_bUfvUFJm,1
4184,ID_bWLvvdQn,1
4188,ID_bYSkY8Ys,1
4189,ID_bYdodTqX,1
4191,ID_bZ8uT738,1
4192,ID_bZFqaTFk,1
4196,ID_baFNg0fV,1
4198,ID_bbJGRIe4,1
4199,ID_bbuJl6he,1
4201,ID_bc91EeKn,1
4202,ID_bcHZynzr,1
4204,ID_bcnn2t36,1
4208,ID_begFTaZI,1
4209,ID_bg6Tixie,1
4211,ID_bgxmutf2,1
4215,ID_biuThnEz,1
4216,ID_bjBaYZDe,1
4217,ID_bjKDqAyV,1
4218,ID_bjPbaLYV,1
4221,ID_bkxjgQfC,1
4224,ID_bmsbHRZn,1
4225,ID_bmwpVkHs,1
4228,ID_boaEIy1z,1
4229,ID_boaJZlNx,1
4230,ID_bollpdBo,1
4233,ID_bqShK9RZ,1
4235,ID_brZZ4VXM,1
4239,ID_btAGdPBG,1
4241,ID_btR6UaSB,1
4242,ID_buwT8QXH,1
4244,ID_bvJAS6x7,1
4245,ID_bvJm0yxd,1
4246,ID_bvnSwWyQ,1
4248,ID_bwqpCH4E,1
4249,ID_bxMZ3eBg,1
4251,ID_byQeXoFr,1
4254,ID_c0Er8fvv,1
4255,ID_c0Q8pcAm,1
4256,ID_c0qF3XIn,1
4257,ID_c1yyJd2g,1
4259,ID_c2qf38g3,1
4260,ID_c3FXzxUN,1
4261,ID_c5Qo1xhx,1
4262,ID_c5jxdHal,1
4265,ID_c65Iy57I,1
4266,ID_c6Ngqzr9,1
4267,ID_c6sJoq8N,1
4271,ID_c9subUcK,1
4273,ID_cAixSBgH,1
4274,ID_cAjpDDLI,1
4275,ID_cAkFsmOa,1
4278,ID_cCiOdkQj,1
4279,ID_cCsCL9wc,1
4281,ID_cErRVYIt,1
4282,ID_cFZnAh7z,1
4285,ID_cFkdmKD9,1
4292,ID_cL1SUVkz,1
4294,ID_cLSXtTfE,1
4295,ID_cLUT2XvJ,1
4298,ID_cNt4a597,1
4300,ID_cOnpTCjM,1
4302,ID_cQ8w5uIN,1
4303,ID_cQHZT5S1,1
4304,ID_cRV9Ig8G,1
4306,ID_cSB4uqsK,1
4311,ID_cUys0Lja,1
4312,ID_cUzXE097,1
4314,ID_cVln4ha0,1
4315,ID_cW2z4HHL,1
4317,ID_cWLeOS49,1
4318,ID_cXulUGeT,1
4325,ID_cbVTdZxY,1
4327,ID_cdNozHlJ,1
4330,ID_cdwV6IXJ,1
4332,ID_ceOVbsQA,1
4333,ID_cfW8Fd6x,1
4344,ID_cnqzqjO0,1
4345,ID_coExVUmT,1
4347,ID_cohSAgMO,1
4350,ID_cpCz9rcq,1
4352,ID_cpMTbyqT,1
4353,ID_cqFLlQnN,1
4354,ID_cqytgvbB,1
4355,ID_crCNkmIR,1
4357,ID_csP2Ea5q,1
4359,ID_ctt9mkzu,1
4360,ID_cuufG86d,1
4361,ID_cv9CoQcf,1
4363,ID_cvbdUgho,1
4364,ID_cvoKMhpC,1
4366,ID_cyhnmgbY,1
4367,ID_cz0V2t0g,1
4369,ID_d3aWrNv0,1
4373,ID_d5KtOw72,1
4374,ID_d6gxMvdT,1
4376,ID_d7uDzoUV,1
4378,ID_d8P1Wp40,1
4379,ID_d8VmRLrR,1
4380,ID_d9LEd94q,1
4382,ID_dAe3utfC,1
4384,ID_dBCtHANx,1
4385,ID_dBSczVsx,1
4386,ID_dCt62zii,1
4394,ID_dHbwZO1B,1
4396,ID_dIi1JAP7,1
4398,ID_dJnjkWGN,1
4399,ID_dKuhNz9O,1
4400,ID_dLikesU2,1
4401,ID_dMmau2jX,1
4402,ID_dN1v95l7,1
4404,ID_dNeAJluc,1
4406,ID_dPCephxu,1
4408,ID_dQr9RmpO,1
4410,ID_dSTha0Xh,1
4414,ID_dUv1EGf7,1
4416,ID_dVPUwqv3,1
4421,ID_dagwvVKz,1
4422,ID_daj34WgZ,1
4424,ID_ddnCgzIi,1
4425,ID_ddwW6DgL,1
4426,ID_deiTmQrW,1
4427,ID_devlXYTC,1
4428,ID_dezAXW6O,1
4429,ID_dezIHSoa,1
4433,ID_dhhzoVEP,1
4435,ID_djjg5WUX,1
4437,ID_dkJ0eypu,1
4439,ID_dlJbKkGo,1
4441,ID_dmaQxdrZ,1
4445,ID_do3EVJOG,1
4446,ID_doTCByMe,1
4447,ID_dqD10lhF,1
4450,ID_dqu4FPmA,1
4451,ID_drEhgaTW,1
4454,ID_dtbljcoK,1
4455,ID_dtsqb5In,1
4458,ID_duluQeJ3,1
4459,ID_dvmg8Yq1,1
4460,ID_dwCciZBq,1
4462,ID_dwq5lFXT,1
4464,ID_dxbcdLhV,1
4465,ID_dxqFlni7,1
4466,ID_dxvyF1Lz,1
4467,ID_dz49Vk3m,1
4468,ID_e2wtprBL,1
4472,ID_e6C2Qn8B,1
4474,ID_e7gmuSqF,1
4475,ID_e8IjoSie,1
4476,ID_e8larB51,1
4477,ID_e8uxBUXY,1
4478,ID_e9rnU5tr,1
4479,ID_eBn8wcQ9,1
4480,ID_eCCwW1vt,1
4481,ID_eCbILckE,1
4482,ID_eEHBauzQ,1
4484,ID_eEVRiPIP,1
4486,ID_eFx5RP9W,1
4488,ID_eH440t0w,1
4489,ID_eHXnkAHV,1
4490,ID_eI7tdC4d,1
4491,ID_eI8552Ot,1
4492,ID_eIIryxVf,1
4493,ID_eJMUE9vW,1
4495,ID_eJrFZQpu,1
4496,ID_eKLw4Bff,1
4498,ID_eMFpOS1A,1
4499,ID_eMWNQavq,1
4501,ID_eN9DIvsg,1
4502,ID_eOgjURFO,1
4504,ID_eP8gsuZQ,1
4505,ID_ePBNmjew,1
4506,ID_ePVIeBNO,1
4507,ID_eQ0bNAxK,1
4508,ID_eR9OtdKc,1
4509,ID_eRKyy5RD,1
4511,ID_eTKW4cuH,1
4512,ID_eTLOJfPk,1
4513,ID_eUiEPIPe,1
4514,ID_eVEc5wLD,1
4515,ID_eVM05WIv,1
4516,ID_eWK819Pg,1
4520,ID_eYzap7kU,1
4521,ID_eazpL73O,1
4522,ID_ebfv4B3e,1
4526,ID_ef3HrR0o,1
4528,ID_efINaKW2,1
4529,ID_efJypsP9,1
4530,ID_efSpqKaK,1
4531,ID_efyXfMgW,1
4532,ID_egNlhFhK,1
4533,ID_ehNHW9zB,1
4534,ID_eiFq7lMO,1
4535,ID_eiVCbp85,1
4536,ID_eieAQEyH,1
4538,ID_elEvkFPI,1
4539,ID_em0DB1Qb,1
4540,ID_emZLp2aF,1
4542,ID_emklyd0P,1
4543,ID_enMQT5iZ,1
4544,ID_enoYwseZ,1
4546,ID_epdhKHRg,1
4547,ID_epgoZtgA,1
4548,ID_eq4W3PtT,1
4549,ID_eqSA854L,1
4551,ID_erCKb2GJ,1
4552,ID_erQvjq26,1
4554,ID_esdks8zm,1
4555,ID_esiTx7MQ,1
4556,ID_et5yljIE,1
4557,ID_etjsjGqz,1
4558,ID_etqmzHil,1
4559,ID_eu9yHlcK,1
4560,ID_euVQf8oU,1
4561,ID_ev1BUemH,1
4562,ID_evWf76A7,1
4566,ID_exlBmKiP,1
4567,ID_exsVZwEw,1
4569,ID_ezAzDQ9t,1
4570,ID_ezpg00Vc,1
4571,ID_f0SpU4Xi,1
4572,ID_f1Nfjz8u,1
4573,ID_f1ZM4fLx,1
4576,ID_f4K3xgtR,1
4577,ID_f4VunLIT,1
4580,ID_f80v4llr,1
4581,ID_f8X6fcFK,1
4585,ID_fBGWmZNJ,1
4586,ID_fBOOs3Wo,1
4587,ID_fD0FQ5yw,1
4588,ID_fD5bvdxW,1
4590,ID_fDhh5BeX,1
4596,ID_fHEgFaUb,1
4597,ID_fHIE6Ue5,1
4598,ID_fJHiI1oH,1
4599,ID_fKvmEBRb,1
4600,ID_fL0BLZKQ,1
4605,ID_fMtmj4mz,1
4606,ID_fNa9uulj,1
4608,ID_fOVhzKk9,1
4611,ID_fQA1bYHS,1
4612,ID_fQPWpVjs,1
4613,ID_fQZzL8HV,1
4615,ID_fRivaZuk,1
4616,ID_fSF4zdeM,1
4619,ID_fTDQXhCl,1
4622,ID_fVSyptMs,1
4627,ID_fYCD5XgL,1
4631,ID_fZoiK5GW,1
4632,ID_fZrqCKCN,1
4633,ID_faRRR8sf,1
4634,ID_faeF0k9i,1
4635,ID_faih4Vxv,1
4637,ID_fbzq1gje,1
4638,ID_fc9mBSxu,1
4640,ID_fd9w6Wmu,1
4641,ID_fdQv90Uk,1
4642,ID_fdRg2ARL,1
4643,ID_fe5BihEE,1
4645,ID_feSreUu9,1
4646,ID_feZbpFZn,1
4648,ID_ff72HED2,1
4649,ID_ffefLxR9,1
4651,ID_fgr1SOHR,1
4654,ID_fiMu7fzo,1
4656,ID_fimDzq4M,1
4657,ID_firC3YBC,1
4658,ID_fiwUqA6V,1
4660,ID_fkVNHxFH,1
4663,ID_fmLWdrRH,1
4664,ID_fmOkGvhN,1
4665,ID_fnEw51az,1
4668,ID_fp8OplEc,1
4670,ID_fpFtSz7H,1
4671,ID_fptVU7Wl,1
4673,ID_fr4H7eQO,1
4674,ID_frZsh6Yp,1
4675,ID_frarHC1r,1
4678,ID_ftbDa5KH,1
4682,ID_fwihd4oN,1
4683,ID_fxRFQb3s,1
4684,ID_fxXAPNOd,1
4685,ID_fyDwsbuC,1
4686,ID_fyuuSo2b,1
4687,ID_fyvLiB2V,1
4688,ID_g2bXfw3N,1
4690,ID_g3BQN0Ox,1
4691,ID_g4oIUEwI,1
4692,ID_g7PQdWiX,1
4694,ID_g8Ojn5MJ,1
4695,ID_g8RJtz9N,1
4697,ID_g8l3ClQX,1
4698,ID_g91d0ZqD,1
4700,ID_gB0g9kiQ,1
4701,ID_gCiTHevV,1
4702,ID_gCumN89a,1
4704,ID_gEkdksGz,1
4705,ID_gEugJNne,1
4706,ID_gF3Nkjsx,1
4707,ID_gGEREXnd,1
4709,ID_gHyE5Vvg,1
4710,ID_gHzAZE7d,1
4711,ID_gINoFDOi,1
4713,ID_gJyxmadi,1
4714,ID_gKBxDXDm,1
4715,ID_gKDBCOQG,1
4716,ID_gKsexktG,1
4718,ID_gMHvcGJy,1
4719,ID_gMhWUO1T,1
4720,ID_gN9GCS9D,1
4721,ID_gNBN7iwF,1
4722,ID_gPGXQ2MJ,1
4723,ID_gPZFc04S,1
4724,ID_gQ62RS39,1
4725,ID_gQ7wAIoW,1
4728,ID_gSCd298W,1
4729,ID_gSbg77LD,1
4731,ID_gTMmgYZ0,1
4732,ID_gTfOqIOW,1
4735,ID_gWlgfzgp,1
4736,ID_gWpBLNmp,1
4738,ID_gX4XskmN,1
4741,ID_gZhAZWEO,1
4742,ID_gZuEfI2e,1
4744,ID_garPEkRv,1
4745,ID_gaxeVDge,1
4747,ID_gcD5jPb0,1
4748,ID_gdBTtOWX,1
4749,ID_gdTwtUyd,1
4750,ID_geXwLP2e,1
4751,ID_gesDwzAi,1
4752,ID_gfUOapGo,1
4754,ID_gfpMWJnt,1
4756,ID_ggQE0zOy,1
4759,ID_ghWKbaQa,1
4760,ID_ghWscNp2,1
4761,ID_gid5sqfE,1
4762,ID_gisz5jVP,1
4763,ID_gjPm9flU,1
4764,ID_glS7HSWk,1
4767,ID_gobR8UCw,1
4769,ID_gpli2gCm,1
4772,ID_grHBkRsk,1
4773,ID_grJPAmOL,1
4774,ID_grzudd0E,1
4775,ID_gsGU90uO,1
4776,ID_gsNcY59B,1
4777,ID_gsNycAn3,1
4778,ID_gsa3S3Cb,1
4779,ID_gt6IgzCb,1
4780,ID_gtBKh5BI,1
4781,ID_gtPZ2Yo4,1
4782,ID_gu1OY6OU,1
4783,ID_guYAk8M9,1
4786,ID_guyUDUOX,1
4787,ID_gv7XWZai,1
4788,ID_gvFsitQq,1
4789,ID_gvYYd5QC,1
4790,ID_gvv7vUbp,1
4791,ID_gw7ZQgQY,1
4792,ID_gw7zNnuL,1
4794,ID_gwNvzhWx,1
4795,ID_gx5M4ouC,1
4797,ID_gxvbiLJy,1
4798,ID_gxzld5mn,1
4803,ID_h22DzkmI,1
4804,ID_h2XOiroV,1
4806,ID_h2wtbgvK,1
4808,ID_h3PUxgno,1
4809,ID_h3vhFnKT,1
4812,ID_h5BtdYRw,1
4813,ID_h5Yx4V4y,1
4814,ID_h65dpRzX,1
4816,ID_h7El1aj4,1
4817,ID_h7ZhKL0L,1
4819,ID_h8Eg0n55,1
4822,ID_h8xBBcTy,1
4824,ID_h9aCQelQ,1
4825,ID_h9sB9yux,1
4827,ID_hALcVV8V,1
4830,ID_hBPgO4Lz,1
4832,ID_hD7YdJCV,1
4833,ID_hDVE2Mk5,1
4839,ID_hFAN0N7E,1
4840,ID_hFGiTowp,1
4844,ID_hGqeScn2,1
4845,ID_hHjxfnKo,1
4848,ID_hKbNzKvo,1
4849,ID_hL8JWLwf,1
4854,ID_hM0fbTlD,1
4857,ID_hMgSaqRb,1
4858,ID_hMhFU1oL,1
4859,ID_hMvEIW4i,1
4860,ID_hNQGFYgt,1
4861,ID_hNRequAR,1
4864,ID_hNxh3kXV,1
4866,ID_hOu78IGY,1
4869,ID_hQcmRTB5,1
4872,ID_hSpFNNuo,1
4873,ID_hTZdlOxX,1
4874,ID_hTuMdwyM,1
4876,ID_hUcyRPhP,1
4878,ID_hVlQfrmA,1
4879,ID_hW7kVeYj,1
4882,ID_hYKI8UyT,1
4883,ID_hYNP5DMS,1
4890,ID_haNWTXDJ,1
4892,ID_haZ7dhkN,1
4894,ID_hdzk8eag,1
4895,ID_hel5NxyL,1
4896,ID_hfKaygH2,1
4897,ID_hfRqKZVl,1
4900,ID_hhsR9X2t,1
4901,ID_hiXpclOQ,1
4903,ID_hjlrrXQO,1
4905,ID_hkTEuKVs,1
4907,ID_hkW22RI5,1
4909,ID_hmQM3sCp,1
4911,ID_hnEK3nka,1
4914,ID_hpTJDAMY,1
4916,ID_hra1PLK2,1
4918,ID_hrfY88TT,1
4921,ID_hsi9bNnC,1
4924,ID_htyMbxFT,1
4926,ID_hvF5vYLl,1
4927,ID_hw1GmbaD,1
4928,ID_hwFnbhsq,1
4929,ID_hwpb1s8z,1
4933,ID_hy2FOQT5,1
4935,ID_hzfp94RX,1
4936,ID_i1AFFCjI,1
4937,ID_i2BQbaiX,1
4940,ID_i6T1ZZsv,1
4941,ID_i7Zm8HJJ,1
4942,ID_i8NNyn55,1
4947,ID_iDMM70Cz,1
4948,ID_iEX5jk7q,1
4950,ID_iF8IF19m,1
4951,ID_iFEOlj30,1
4953,ID_iFin7mz0,1
4955,ID_iGYLbNVm,1
4956,ID_iGzyr7fp,1
4959,ID_iHn10HCe,1
4960,ID_iII7I5Bx,1
4961,ID_iIJPBnse,1
4962,ID_iJ9fbKR2,1
4963,ID_iJbJ1PE0,1
4964,ID_iJmiUUuE,1
4965,ID_iKJJXEDg,1
4966,ID_iKhai45Q,1
4969,ID_iObWZiwv,1
4970,ID_iPTOOjVr,1
4971,ID_iQfMj6oZ,1
4974,ID_iRNjgXkR,1
4976,ID_iTGMxeqI,1
4978,ID_iUYAqqNh,1
4979,ID_iVU7At1b,1
4981,ID_iWViCVHL,1
4982,ID_iWgVYF5X,1
4987,ID_iXlhkPKx,1
4989,ID_iYvzhXut,1
4990,ID_iZ8MoFc0,1
4991,ID_iZG0Ri5r,1
4995,ID_icIkk03y,1
4996,ID_icSS9nLx,1
4999,ID_idYppMiP,1
5000,ID_ieEDOr0u,1
5001,ID_if4vo2in,1
5002,ID_ifNp9jcx,1
5004,ID_igcdopA8,1
5006,ID_ihs0xY72,1
5009,ID_ikeCV57g,1
5010,ID_ilAN4UMs,1
5011,ID_ilGACLjM,1
5012,ID_ilMqO9og,1
5014,ID_ilnLjfWs,1
5015,ID_imGVbOlA,1
5018,ID_inZR11Yn,1
5019,ID_inkKCrdP,1
5020,ID_inlCzlFC,1
5021,ID_io1uxfAh,1
5022,ID_ioUwgzJb,1
5025,ID_ip5r5RTZ,1
5029,ID_iq6M3Dpw,1
5030,ID_iqGdblf3,1
5031,ID_iqdDcez3,1
5033,ID_ir4V7ELe,1
5034,ID_irFVKY4Z,1
5035,ID_iriwVbBL,1
5036,ID_is1JKRPl,1
5037,ID_isvEjo62,1
5041,ID_iwG3CUwn,1
5042,ID_ixbci9KC,1
5043,ID_iyDKPKjF,1
5046,ID_j0RlG2Dk,1
5049,ID_j1zZuk5j,1
5051,ID_j2P8NBLh,1
5056,ID_j51HKTIa,1
5057,ID_j5J2aCOl,1
5058,ID_j5spYqfJ,1
5059,ID_j6629SJh,1
5060,ID_j69jo3oI,1
5061,ID_j6MXoyoJ,1
5064,ID_j71lylnm,1
5065,ID_j7Z8Q939,1
5067,ID_j8SSRXzx,1
5069,ID_j8vi4wQ8,1
5073,ID_j9rxr38b,1
5074,ID_jADeQIxp,1
5075,ID_jC0AhjWP,1
5077,ID_jCIhi02W,1
5081,ID_jHisaRx6,1
5082,ID_jIPseKrn,1
5083,ID_jIR34cfV,1
5090,ID_jLLnvCj7,1
5091,ID_jLdjdbHC,1
5094,ID_jMj5H2o2,1
5095,ID_jMlT2JYr,1
5096,ID_jMxds8Mi,1
5097,ID_jO5PbIch,1
5099,ID_jOtTOAI6,1
5101,ID_jPkaXdpl,1
5102,ID_jQYtT5j1,1
5103,ID_jQiPEIk5,1
5105,ID_jSGXoSs0,1
5106,ID_jTW9Dwmm,1
5108,ID_jUGUvnKl,1
5109,ID_jUjLuow2,1
5110,ID_jUtmDNXR,1
5112,ID_jVJRVSLC,1
5113,ID_jVjNJqfW,1
5115,ID_jWGum2p7,1
5116,ID_jWNwLUDI,1
5117,ID_jWfQ8kRn,1
5120,ID_jX47Dw5f,1
5130,ID_jcFOREmi,1
5132,ID_jeA2qPEq,1
5134,ID_jfmeCvUn,1
5135,ID_jg43QQlm,1
5137,ID_jhdn3oGv,1
5140,ID_jj2arkt2,1
5141,ID_jjXF5JLF,1
5144,ID_jlMpS6u9,1
5146,ID_jmNO7yct,1
5149,ID_jnMMpLcK,1
5151,ID_jnWsv43k,1
5152,ID_jnZU0gZc,1
5156,ID_joLfMOI6,1
5158,ID_jq1CRBSn,1
5160,ID_jqUPNZqE,1
5161,ID_jqdRxhPF,1
5162,ID_jr5ZLMbu,1
5164,ID_jtHfHg57,1
5166,ID_juL1Hmam,1
5167,ID_jv6C5p8s,1
5168,ID_jwhpgGKq,1
5169,ID_jwuHyTWw,1
5175,ID_k0BXpMyn,1
5181,ID_k2eZxPCH,1
5182,ID_k2pVAT7x,1
5183,ID_k3L4ZWJQ,1
5184,ID_k4L5lY0F,1
5185,ID_k4b6Gfma,1
5190,ID_k7DMDtUa,1
5192,ID_k80sdh6H,1
5193,ID_k8MqqVuX,1
5200,ID_kCkvqVKb,1
5203,ID_kEnQQQRB,1
5204,ID_kEniagBH,1
5205,ID_kFqwZkDP,1
5208,ID_kIOCS4iY,1
5211,ID_kKrV3Z0v,1
5216,ID_kNn2RYad,1
5218,ID_kPQ5FoX1,1
5224,ID_kTfXnFJL,1
5225,ID_kTrf0xqi,1
5226,ID_kTxEWKxN,1
5227,ID_kUCmXXWL,1
5230,ID_kVQCqvaZ,1
5235,ID_kWTF1u3g,1
5238,ID_kZF4JG79,1
5239,ID_kZJAZzgB,1
5242,ID_kaF7R0Nt,1
5244,ID_kbBDWoly,1
5247,ID_kc9IsHzN,1
5248,ID_kcdIspCU,1
5250,ID_kd894Lhh,1
5253,ID_kfHHpTye,1
5254,ID_kh3qbPZ1,1
5256,ID_khJxtAW4,1
5258,ID_kjRzbq0n,1
5259,ID_kk1O3Gvw,1
5261,ID_klEKtfg9,1
5264,ID_klfdof48,1
5265,ID_kmB69nsr,1
5267,ID_kmgU4keI,1
5269,ID_kmzcZFRx,1
5270,ID_kn8lRBS0,1
5274,ID_kqAiZsVQ,1
5276,ID_ksGf2k59,1
5277,ID_ksSDSLZH,1
5279,ID_ktAqR1jz,1
5280,ID_kthAFCnA,1
5281,ID_kvHIIqfo,1
5283,ID_kxKekXPn,1
5285,ID_kyHc9KIK,1
5288,ID_kzYITKl9,1
5290,ID_l1zM9MBI,1
5291,ID_l2DShuus,1
5294,ID_l3kcGtyV,1
5296,ID_l4uR36Zj,1
5298,ID_l5nJPVNP,1
5299,ID_l5zPwmO1,1
5300,ID_l7h0dpRW,1
5301,ID_l8ObPh26,1
5304,ID_lCOKNsBs,1
5305,ID_lCbaTMIo,1
5307,ID_lDf0pLkU,1
5308,ID_lEtu5nxY,1
5311,ID_lGdlVump,1
5312,ID_lGzb6eBb,1
5313,ID_lHp8iIm5,1
5315,ID_lIZSlQ9I,1
5316,ID_lIhwI909,1
5317,ID_lIokzEVk,1
5319,ID_lJNPm9Le,1
5320,ID_lK1r0eJY,1
5321,ID_lK3ObkA7,1
5322,ID_lKPSuRoo,1
5326,ID_lMRUJxGW,1
5329,ID_lNxilSgj,1
5331,ID_lOsXxqGR,1
5332,ID_lPEnWuRh,1
5337,ID_lQyTW8SH,1
5338,ID_lREFXQiu,1
5339,ID_lRPRV96u,1
5341,ID_lSsQwphF,1
5343,ID_lT1YwuYg,1
5344,ID_lTB1jz7O,1
5345,ID_lThoxi93,1
5346,ID_lUahzNUz,1
5347,ID_lVIc2Mo3,1
5348,ID_lVJyEGda,1
5349,ID_lWI1DGUU,1
5351,ID_lXIJLej7,1
5353,ID_lYb9CJik,1
5355,ID_lZ7zpt8y,1
5356,ID_lZATXPZb,1
5357,ID_la9kxIKj,1
5359,ID_lawyqH1q,1
5362,ID_lbtwe88r,1
5363,ID_lcSP4AeO,1
5365,ID_ldqV6Kjn,1
5367,ID_lf2FwSMT,1
5368,ID_lgHaQdM7,1
5370,ID_lh2mSWET,1
5372,ID_lhF8lXCU,1
5373,ID_lhVHnF9a,1
5374,ID_lhoT9ul8,1
5377,ID_liMTJtIv,1
5379,ID_ljXVUPRS,1
5380,ID_ljxuuxT7,1
5383,ID_ln0rOBSW,1
5384,ID_lnDKhkne,1
5386,ID_lpF3r15v,1
5387,ID_lqAUrnem,1
5388,ID_lqycUQ06,1
5389,ID_lt3ZxwdI,1
5391,ID_lvNAgJbi,1
5392,ID_lvfBxkhg,1
5394,ID_lwx6QLV1,1
5395,ID_lxSY7qvA,1
5396,ID_lxsUTfDv,1
5398,ID_lzERWMVt,1
5401,ID_m1La6qnD,1
5405,ID_m2RogIVG,1
5407,ID_m354mBtX,1
5409,ID_m416NEvL,1
5413,ID_m6iJN9Ru,1
5418,ID_m9C7Clr2,1
5421,ID_mBJWxD2a,1
5422,ID_mBM9m6ci,1
5427,ID_mDhLbcwG,1
5428,ID_mDv1l1kc,1
5429,ID_mGbaRJlY,1
5430,ID_mGjJM5XD,1
5433,ID_mHmZaR85,1
5435,ID_mIJZZd5Q,1
5436,ID_mIk4Qsk7,1
5437,ID_mIoNr2ii,1
5439,ID_mJ79TvQS,1
5440,ID_mJvLog5T,1
5444,ID_mM4yfAK7,1
5445,ID_mMZaeJZY,1
5446,ID_mMiN5Bzh,1
5447,ID_mMwy9Ucw,1
5448,ID_mNKGYWGU,1
5450,ID_mOzYaJWZ,1
5452,ID_mPE23aFN,1
5454,ID_mQdwh0aO,1
5455,ID_mRAKAWgZ,1
5456,ID_mRE7QxQl,1
5457,ID_mRb0wrm7,1
5458,ID_mRjHlrQP,1
5459,ID_mSghUrEq,1
5460,ID_mSz6ksxp,1
5461,ID_mT4slhIx,1
5462,ID_mTsfqrsO,1
5463,ID_mUQrcMpK,1
5464,ID_mUcdtYyV,1
5465,ID_mW0gAPuc,1
5469,ID_mXAWiHXT,1
5472,ID_mXlh5fGU,1
5474,ID_mYM4EbcO,1
5475,ID_ma6DM4pP,1
5477,ID_mdlTVha1,1
5478,ID_mePGdb4p,1
5479,ID_mejMH1FI,1
5481,ID_mfaSxRR1,1
5482,ID_mh5zLD4G,1
5486,ID_miRHRv9C,1
5493,ID_mluBYaK7,1
5494,ID_mmgrx5xB,1
5495,ID_moIhfUx8,1
5497,ID_moW9joxp,1
5498,ID_mofZhOmD,1
5500,ID_mpIiGxT4,1
5502,ID_mqWetokP,1
5504,ID_mrLZJPJ8,1
5509,ID_muBCvPjk,1
5510,ID_mukYSkay,1
5511,ID_mvAz9jRK,1
5512,ID_mvIRrJSS,1
5514,ID_mvm0rlfA,1
5515,ID_mwnWzpQr,1
5516,ID_mwzE5Rw7,1
5518,ID_myol0WzP,1
5521,ID_mziLl2xL,1
5522,ID_n0pdsp8n,1
5523,ID_n1y0Sxht,1
5524,ID_n35TkzWR,1
5526,ID_n3lyfk46,1
5529,ID_n5ydtghx,1
5530,ID_n6SZ6Efv,1
5531,ID_n6ZSpP65,1
5533,ID_n8yucz9O,1
5535,ID_n9CjG7ny,1
5537,ID_nBcscziv,1
5538,ID_nDgwZPzb,1
5539,ID_nDtn1CMe,1
5540,ID_nDw0GPmn,1
5542,ID_nECSDv3a,1
5543,ID_nEn2DaDM,1
5545,ID_nIR01sZ3,1
5547,ID_nJ7GtEJs,1
5548,ID_nJsEg0qJ,1
5549,ID_nK45CwEW,1
5551,ID_nL2rljh5,1
5552,ID_nL55qk4R,1
5556,ID_nNiD9sK2,1
5558,ID_nOUMh7Bf,1
5559,ID_nOwPIR5T,1
5560,ID_nP4A3JVP,1
5561,ID_nPp7ftre,1
5562,ID_nPrwwsq7,1
5563,ID_nQ3Cm5iY,1
5564,ID_nQM66WQb,1
5565,ID_nQcMBLwA,1
5566,ID_nQnmZ7s4,1
5568,ID_nRfa8qvt,1
5576,ID_nUpEaSB5,1
5579,ID_nVPcxDIQ,1
5582,ID_nZ8VlQyf,1
5584,ID_naTiWLGj,1
5585,ID_napONTwN,1
5590,ID_nehh4Esi,1
5591,ID_nfLblrPT,1
5592,ID_nfYgQhEB,1
5593,ID_ng9Y4qPx,1
5595,ID_nhMhcCKF,1
5596,ID_nheCGxFK,1
5602,ID_nlPy6yN7,1
5603,ID_nm6okgjh,1
5604,ID_nmFS0UOD,1
5606,ID_nnvNAnaO,1
5610,ID_np7OILla,1
5615,ID_nrj5MsJb,1
5616,ID_nsRvbyjM,1
5618,ID_ntFkZLLJ,1
5622,ID_nwEPI99s,1
5623,ID_nwQpDppv,1
5629,ID_nz4Ctmje,1
5630,ID_nzFIa6pL,1
5632,ID_o1L9cXfQ,1
5633,ID_o1NVpweV,1
5635,ID_o2RX58KH,1
5637,ID_o3cSxgpK,1
5638,ID_o3dcimt0,1
5639,ID_o3n6nzQf,1
5640,ID_o3w8VsoW,1
5644,ID_o6DHZCOD,1
5645,ID_o6RFQr0A,1
5648,ID_o8IsLMJw,1
5653,ID_o9zfcDU6,1
5654,ID_oAD4Ba9K,1
5655,ID_oBe6Ccr4,1
5656,ID_oCFuIPg5,1
5657,ID_oCbiM6ie,1
5660,ID_oDNbRWQ3,1
5662,ID_oEWNERxv,1
5664,ID_oGW7DOG6,1
5665,ID_oGpRc7P9,1
5666,ID_oHlwLHfX,1
5667,ID_oHoBpREy,1
5668,ID_oI18cTSI,1
5669,ID_oILHfcTO,1
5670,ID_oIfk5hYk,1
5671,ID_oIzfuK46,1
5673,ID_oKP9R6hJ,1
5674,ID_oL8BJ4D1,1
5675,ID_oLmpuPa9,1
5679,ID_oO0L0Qsv,1
5681,ID_oODakezM,1
5685,ID_oQpiPa0f,1
5687,ID_oRBoVESj,1
5688,ID_oSLz3vVV,1
5692,ID_oVY6c5xC,1
5693,ID_oWRVxrCq,1
5696,ID_oXFdKYJx,1
5699,ID_oZDXTBDx,1
5706,ID_obW8sYxV,1
5711,ID_odTvQs7p,1
5712,ID_oeoemoJE,1
5715,ID_ohLQv0SL,1
5716,ID_oiEBUFsx,1
5720,ID_ol8DGnHD,1
5722,ID_onA0bBxO,1
5723,ID_onz9qUmv,1
5724,ID_oo3baLjQ,1
5727,ID_oq5XQM80,1
5728,ID_oqSscoFO,1
5729,ID_orbs29cp,1
5731,ID_ossJ58oz,1
5733,ID_otIiYp3s,1
5734,ID_otl25dTt,1
5736,ID_ouExQc4N,1
5738,ID_ovKgf51Y,1
5742,ID_oxJtLFaX,1
5743,ID_oxmIoNzz,1
5744,ID_oxo411QS,1
5750,ID_p033Q882,1
5751,ID_p0fkInZo,1
5754,ID_p1xb0ZdT,1
5755,ID_p2omeaIw,1
5756,ID_p3oH0vZg,1
5759,ID_p5i5y192,1
5761,ID_p5w3fOQw,1
5762,ID_p6W9rvTu,1
5763,ID_p7JCVlya,1
5764,ID_p7sNxrak,1
5765,ID_p8NigdoK,1
5771,ID_pC5SbbXl,1
5774,ID_pCpvkWds,1
5775,ID_pD2TlbR6,1
5777,ID_pEfuL6GH,1
5780,ID_pFRD1GSF,1
5782,ID_pGJev1DX,1
5784,ID_pGSIobRn,1
5786,ID_pIPTYuEb,1
5788,ID_pIieZsCW,1
5789,ID_pJqogj8b,1
5792,ID_pL7740Uu,1
5793,ID_pLjLkuZN,1
5796,ID_pMaUhXyP,1
5798,ID_pNNJAwb8,1
5799,ID_pNvmHClf,1
5801,ID_pRWxSKdR,1
5803,ID_pRvUNmC7,1
5804,ID_pTQFOKKw,1
5806,ID_pUAFvD8N,1
5807,ID_pUBxRlkK,1
5815,ID_pYQBcxk0,1
5818,ID_pZHMXtvN,1
5821,ID_pbS9UBXz,1
5822,ID_pbcIellJ,1
5825,ID_pceCgLEG,1
5828,ID_pd61O0V0,1
5831,ID_peXYSpdE,1
5832,ID_pecZqjw3,1
5834,ID_pejWRoD6,1
5837,ID_pgHMcRcr,1
5838,ID_pgwlP7DJ,1
5844,ID_pic9aLqp,1
5846,ID_pjU85H48,1
5847,ID_pjgwGYZj,1
5848,ID_pkdPzMSv,1
5850,ID_plwzIwlZ,1
5852,ID_pnuLovIt,1
5853,ID_po1cyimr,1
5854,ID_po1gr07B,1
5855,ID_poFRnEu4,1
5859,ID_pr8itsBG,1
5860,ID_prOEPnFh,1
5861,ID_prs1hP4E,1
5863,ID_psJ9NTFb,1
5864,ID_ptnvMSXa,1
5866,ID_pv1LpFSe,1
5868,ID_pwGoFNMi,1
5869,ID_pwiNT2zi,1
5872,ID_pxdy2V3Y,1
5873,ID_pzIjVtKW,1
5874,ID_pzpZufm9,1
5876,ID_q0Y4DzZ0,1
5877,ID_q0a7FR6D,1
5879,ID_q0jhqZ9B,1
5880,ID_q0kyuqJa,1
5882,ID_q1YmBzZc,1
5883,ID_q1sdLK8M,1
5885,ID_q2DYkUvA,1
5886,ID_q2JbkdLL,1
5887,ID_q2yxZfMD,1
5888,ID_q4QboE3G,1
5889,ID_q4Uvjqif,1
5890,ID_q4muURFd,1
5892,ID_q6uDSzob,1
5893,ID_q8Mly3Dl,1
5895,ID_q9XfopQJ,1
5896,ID_qAHO5xdi,1
5897,ID_qAiVwGUM,1
5900,ID_qBCE2ScA,1
5902,ID_qBrpdH76,1
5903,ID_qC3fzfgd,1
5905,ID_qDedJgTn,1
5908,ID_qDvC94Dk,1
5909,ID_qE637wUg,1
5914,ID_qG26kouz,1
5915,ID_qGWtH9MV,1
5916,ID_qH1YFirw,1
5917,ID_qHUGioOM,1
5918,ID_qHpiHS8H,1
5919,ID_qIw0lVFT,1
5920,ID_qJA61tbh,1
5921,ID_qJSYThIo,1
5926,ID_qMAARVgL,1
5929,ID_qNB79V8T,1
5931,ID_qNitxcRZ,1
5935,ID_qOSiJzHo,1
5936,ID_qP7KL0QQ,1
5938,ID_qQ6e1qzJ,1
5939,ID_qQbCToAH,1
5940,ID_qQvIWNS6,1
5941,ID_qR5TMBYP,1
5944,ID_qTZKLxqm,1
5946,ID_qTkTjOF5,1
5950,ID_qVdEdUL0,1
5957,ID_qa9CBLvl,1
5959,ID_qb58B0Kv,1
5960,ID_qb8S2VsG,1
5961,ID_qbZ3iCOv,1
5963,ID_qc9sHpk1,1
5966,ID_qd2L8sXS,1
5968,ID_qebiW6X3,1
5970,ID_qgINjoZ3,1
5972,ID_qguLgMG8,1
5973,ID_qhNuTivw,1
5976,ID_qjzc9ZgM,1
5977,ID_qk0UQXiK,1
5978,ID_qkD6SUOZ,1
5979,ID_qkTHaJIp,1
5980,ID_qlGX8j4Z,1
5982,ID_qlia5KOM,1
5983,ID_qlkCr2zb,1
5985,ID_qmayP8ka,1
5987,ID_qnDHkcOt,1
5988,ID_qnDNxlAI,1
5989,ID_qnw0Y8O2,1
5991,ID_qolBiaEP,1
5994,ID_qq4MtfXF,1
5995,ID_qqExNd6D,1
5996,ID_qqoPKoas,1
5997,ID_qr3YSwI1,1
5999,ID_qrfwxsXl,1
6000,ID_qt1jqWQ3,1
6002,ID_qvloZpjC,1
6005,ID_qwWLjxi4,1
6007,ID_qx7nR1AA,1
6008,ID_qxzTEkP0,1
6011,ID_qzPKhsYn,1
6014,ID_r0HuSwQ8,1
6015,ID_r15Rf68Q,1
6018,ID_r2pBrIlb,1
6020,ID_r3qjTNEn,1
6022,ID_r4b0CJ2H,1
6024,ID_r66XIUzo,1
6026,ID_r7Qfzn89,1
6029,ID_r8RZ5cnT,1
6030,ID_r92VGEPg,1
6031,ID_r9DKXSMQ,1
6032,ID_r9wjmNA0,1
6033,ID_rAeiQEeG,1
6035,ID_rB8agxQy,1
6036,ID_rBFNyLYB,1
6037,ID_rBSAt6Pu,1
6039,ID_rCxktoex,1
6040,ID_rCy6LXMX,1
6043,ID_rDYMWOM3,1
6047,ID_rEtFHNLi,1
6048,ID_rEvQVzy8,1
6050,ID_rG4GAlDR,1
6053,ID_rHTS6PkR,1
6054,ID_rHTqTutJ,1
6057,ID_rJaEWAEH,1
6058,ID_rJvEXvBD,1
6059,ID_rKeSDf6M,1
6061,ID_rL45hEos,1
6064,ID_rMSOroF5,1
6069,ID_rNphMdMd,1
6070,ID_rOiS58oQ,1
6071,ID_rPKUcof7,1
6074,ID_rPwb8PWe,1
6075,ID_rRMLjQZz,1
6081,ID_rUDrQ4vm,1
6085,ID_rUjnmOfk,1
6086,ID_rVyiZumn,1
6088,ID_rXULtdYt,1
6091,ID_ra24Yh3g,1
6093,ID_rdAuyhGz,1
6094,ID_rdnSI4pu,1
6095,ID_rduzD3Sp,1
6097,ID_re6PJpum,1
6101,ID_ri81lRrf,1
6102,ID_ridJBOYn,1
6103,ID_rioOe3a4,1
6104,ID_rjZKPsB4,1
6108,ID_rnMTazEo,1
6111,ID_rnx0N7s4,1
6112,ID_rp876dJ7,1
6113,ID_rprvOuD8,1
6116,ID_rt1NvzHd,1
6117,ID_rtdXUz8j,1
6118,ID_rv5c1Fjs,1
6119,ID_rvxu3f2A,1
6121,ID_rzImJZkp,1
6122,ID_rzqyCiVP,1
6123,ID_rzrl4NyE,1
6126,ID_s32yCdvi,1
6127,ID_s53lmmgS,1
6128,ID_s5Ky2oOD,1
6129,ID_s6H5sbSh,1
6130,ID_s6Q4xAmY,1
6131,ID_s6mxe59A,1
6132,ID_s73qXONi,1
6133,ID_s7WfSLM7,1
6135,ID_s9EmwF1g,1
6137,ID_sAYisUTR,1
6141,ID_sBos5W0s,1
6143,ID_sCrNYbLy,1
6144,ID_sD7VUUXY,1
6145,ID_sDWLLgfc,1
6146,ID_sE85WMaY,1
6148,ID_sEOAXsZE,1
6150,ID_sEUQpc9j,1
6151,ID_sEyd9F7L,1
6156,ID_sHjzcqPY,1
6157,ID_sHrtKQIP,1
6158,ID_sJFSe2I7,1
6160,ID_sJyprFMe,1
6162,ID_sLn63UFs,1
6164,ID_sQ6JqNPo,1
6166,ID_sSUvKFAg,1
6169,ID_sTg0dDH0,1
6170,ID_sTgDyldo,1
6172,ID_sUWI0Js5,1
6173,ID_sV0JsU6t,1
6177,ID_sYLeCZ0j,1
6178,ID_sYMbQYdQ,1
6180,ID_sb1JxAds,1
6182,ID_sbvnYVSq,1
6184,ID_sd3Gda5M,1
6185,ID_sdV4e9zT,1
6186,ID_seek9Oc3,1
6187,ID_sefTktpO,1
6188,ID_segOlCam,1
6189,ID_sf1hErE7,1
6190,ID_si2VDb4w,1
6192,ID_siaxND5v,1
6193,ID_sjlR8r3K,1
6197,ID_slfZxYRE,1
6198,ID_slpqHVlw,1
6204,ID_soRF3wHU,1
6205,ID_sokspjOc,1
6209,ID_splyhKZe,1
6212,ID_sst2DoKe,1
6214,ID_stdxIPq8,1
6215,ID_svCLVsJp,1
6222,ID_szKYst5o,1
6223,ID_szxFRxUa,1
6224,ID_t0sAHpXW,1
6225,ID_t1SBtzLn,1
6228,ID_t2Auv2Sk,1
6229,ID_t2R7G7cp,1
6230,ID_t2WhsJzU,1
6231,ID_t3E9cUak,1
6233,ID_t3tjJO8a,1
6234,ID_t43sx5Iv,1
6239,ID_t6Hy0SSZ,1
6240,ID_t70FOl9f,1
6241,ID_t7C6AoF7,1
6242,ID_t8RiMkeQ,1
6243,ID_t8UN9weV,1
6244,ID_t947z0H0,1
6249,ID_tGFteCGU,1
6251,ID_tHYdNamX,1
6253,ID_tJf8wwFO,1
6254,ID_tKa4n1sM,1
6255,ID_tL7hCNqi,1
6257,ID_tLgX11el,1
6258,ID_tLh2Dm6i,1
6260,ID_tOGqCVOB,1
6263,ID_tPkfXCno,1
6266,ID_tRlaOvK9,1
6268,ID_tSswOFDh,1
6271,ID_tU3IwYQZ,1
6274,ID_tV7MUU3k,1
6278,ID_tWlJ4eS4,1
6279,ID_tWwms1Qk,1
6280,ID_tXaopFuI,1
6286,ID_taIXbTND,1
6287,ID_tbBLYwiW,1
6290,ID_tbazttQL,1
6292,ID_tbtwJiHR,1
6294,ID_tcjuDYSU,1
6297,ID_tdiaKhci,1
6298,ID_tdn9Z86E,1
6300,ID_tfbkCJif,1
6301,ID_tfiEIgus,1
6305,ID_tit23RyX,1
6312,ID_tkksIQOM,1
6313,ID_tlSLAzTj,1
6317,ID_tnIFeUlY,1
6319,ID_to3bUzB1,1
6321,ID_toawkA93,1
6322,ID_tpcBIgv1,1
6331,ID_tvFxty4N,1
6334,ID_twwDlrJO,1
6335,ID_txI4LYyx,1
6338,ID_tyUWyF0E,1
6339,ID_tyVtHQww,1
6340,ID_tz7ZGYsV,1
6342,ID_u0oTeFW3,1
6344,ID_u26aKBzQ,1
6345,ID_u31kOhPz,1
6347,ID_u3FQj49U,1
6348,ID_u3hUfdj9,1
6352,ID_u5zB7WCJ,1
6353,ID_u64q4uLq,1
6356,ID_u7jSRGji,1
6357,ID_u815rNHp,1
6359,ID_u8uGYs2m,1
6361,ID_uAXbbwu6,1
6362,ID_uActoJR7,1
6363,ID_uAhv20tO,1
6367,ID_uDQ9TD7D,1
6371,ID_uGNf6IsR,1
6375,ID_uIIaN38p,1
6377,ID_uJLiVOOe,1
6381,ID_uLnC4zYv,1
6385,ID_uNUblYTF,1
6386,ID_uORQHTXh,1
6387,ID_uPzDnBnX,1
6388,ID_uQnnXIAe,1
6392,ID_uStaMmNy,1
6393,ID_uT1cNYvi,1
6395,ID_uTyfVnbJ,1
6398,ID_uUyYUFpR,1
6401,ID_uXGnfiCj,1
6405,ID_uZOTLCwl,1
6406,ID_uZTeDFAL,1
6407,ID_uaWbBLcR,1
6410,ID_ubST4yyW,1
6412,ID_uedcSbOt,1
6413,ID_uedyEmTo,1
6414,ID_ufG549Mf,1
6427,ID_uldILSlw,1
6428,ID_um5Xfd5A,1
6429,ID_unHOAz2L,1
6432,ID_uoKe1A2J,1
6434,ID_uoXVfiNI,1
6435,ID_uoaoRue7,1
6439,ID_uqJVTIiK,1
6441,ID_uqcWWcmB,1
6444,ID_us1XmWYD,1
6445,ID_usVzOLT5,1
6447,ID_uukn5ouU,1
6450,ID_uwVhJO4u,1
6451,ID_ux1zNE1W,1
6454,ID_uxqlVwi2,1
6455,ID_uy41meRs,1
6456,ID_uyAWMHQW,1
6458,ID_uzFfco0c,1
6460,ID_v1Ns5a7W,1
6461,ID_v1u2Bh5a,1
6463,ID_v3KuBXR8,1
6466,ID_v4WExFu3,1
6467,ID_v5ApWLrE,1
6470,ID_v5iEBqCd,1
6471,ID_v5oDTqwn,1
6473,ID_v6FhcNlN,1
6476,ID_v7HsbIsB,1
6477,ID_v7VqsqHm,1
6478,ID_v7ZjAAPj,1
6482,ID_vBHHwQhV,1
6484,ID_vBVJyEcN,1
6485,ID_vCDWgA4g,1
6489,ID_vFwH0Mrz,1
6491,ID_vGWilUUT,1
6492,ID_vGZ1uhuy,1
6494,ID_vHJsE5Fs,1
6495,ID_vIqmB4yd,1
6498,ID_vLZcScgX,1
6501,ID_vNt0xHlT,1
6503,ID_vNvKw2y3,1
6504,ID_vO7FahkN,1
6505,ID_vO8cEXRP,1
6506,ID_vO9Pq7xj,1
6508,ID_vP8iq4EX,1
6509,ID_vPMVIVp3,1
6510,ID_vPpQ9kgg,1
6512,ID_vQBo6qKO,1
6515,ID_vS11klgY,1
6516,ID_vSJnFGYH,1
6518,ID_vTG6wYMs,1
6519,ID_vU7gHBgz,1
6522,ID_vVTYoS0r,1
6523,ID_vVZf2Xxp,1
6524,ID_vWsduD9j,1
6525,ID_vYklVYYi,1
6526,ID_vZEZaLl5,1
6533,ID_vdQLGN5k,1
6534,ID_vePhU96u,1
6535,ID_veeZXrBn,1
6537,ID_velhMnJi,1
6539,ID_vfYoREUN,1
6543,ID_vi708W3N,1
6544,ID_viEVOXZH,1
6548,ID_vip9QgGO,1
6552,ID_vkR3XeSe,1
6556,ID_vlYCwlUv,1
6557,ID_vn1D8PLd,1
6559,ID_vnFqBhVz,1
6564,ID_vomnciit,1
6566,ID_vq3gFtwb,1
6567,ID_vqgBH3kT,1
6568,ID_vqncZx3H,1
6571,ID_vsSpyM0V,1
6574,ID_vslqPgyJ,1
6575,ID_vtV481Mt,1
6576,ID_vuxq5O2t,1
6577,ID_vvaFtZMe,1
6578,ID_vvraZpXe,1
6580,ID_vw71QGaT,1
6581,ID_vwOIOaWi,1
6586,ID_vxzJBglm,1
6588,ID_vyljs14S,1
6589,ID_vz9myc6u,1
6590,ID_vzPrcFTB,1
6595,ID_w1Mn0vGI,1
6596,ID_w1f6pgmx,1
6600,ID_w4E5vM9r,1
6605,ID_w7gcNHVS,1
6606,ID_w8FpIdkt,1
6610,ID_w9xT0fTc,1
6611,ID_wAjtOLth,1
6612,ID_wB6CkVIN,1
6613,ID_wB9iome1,1
6614,ID_wBI2g3T6,1
6618,ID_wD4ohAS1,1
6621,ID_wEyRnraf,1
6624,ID_wGwQ1ecC,1
6626,ID_wKPBFvEj,1
6628,ID_wLCjD39K,1
6635,ID_wNbiD8u4,1
6636,ID_wNyl1T2V,1
6637,ID_wNz9qGRO,1
6638,ID_wQUNL3Lg,1
6639,ID_wQcAXisL,1
6641,ID_wSeKVBAw,1
6642,ID_wSsTqbpG,1
6643,ID_wUDvQo8Z,1
6644,ID_wUMC8r7G,1
6645,ID_wUSAcoj9,1
6646,ID_wUbrKDZ5,1
6647,ID_wVGhcBou,1
6648,ID_wVQHqIPn,1
6649,ID_wVYU4lr1,1
6650,ID_wVhFfjUg,1
6651,ID_wVlqnkBA,1
6653,ID_wWTzqkFX,1
6655,ID_wWq8ddWu,1
6661,ID_waNMHR4n,1
6662,ID_wbJpsA3i,1
6663,ID_wbMpHGR1,1
6665,ID_wbu2T2Nh,1
6667,ID_we8B4KNj,1
6668,ID_weHXyQzy,1
6669,ID_weLkMG5v,1
6671,ID_wfYRCRFz,1
6672,ID_wfsNlr1f,1
6673,ID_wfuvH8ix,1
6675,ID_wh1lqeWd,1
6676,ID_whFjXlBR,1
6680,ID_wju80JmN,1
6682,ID_wmtziTit,1
6683,ID_wn7lsF0g,1
6685,ID_wndoipfS,1
6690,ID_wpmlcet6,1
6691,ID_wpu81oMC,1
6700,ID_wtFzZEGE,1
6701,ID_wtGGtmkt,1
6702,ID_wthgaV7z,1
6703,ID_wtvdFjcU,1
6705,ID_wv4JPDRj,1
6706,ID_wwBtFQi5,1
6707,ID_wwFENHPD,1
6708,ID_wwrYYW8j,1
6709,ID_wws1W8o7,1
6710,ID_wwuzaXIj,1
6711,ID_wxBC1UWm,1
6714,ID_x0759pTp,1
6715,ID_x0IUCjH8,1
6716,ID_x0bUuaZu,1
6717,ID_x1JZ0Usf,1
6719,ID_x1bmGfjt,1
6726,ID_x65d8yJ6,1
6728,ID_x7RPSvhb,1
6729,ID_x7mTqZXV,1
6731,ID_x8gmaLAA,1
6734,ID_x919ENdB,1
6736,ID_xARUEOCY,1
6737,ID_xB5X9Ho7,1
6740,ID_xCYlEir8,1
6741,ID_xE2oJGJb,1
6743,ID_xFO5zazC,1
6745,ID_xGeLdM5Y,1
6746,ID_xGiRXWDL,1
6749,ID_xKx0gp1W,1
6751,ID_xMD5wfIP,1
6752,ID_xNgwCGMX,1
6753,ID_xNnBgRtV,1
6754,ID_xOdPzVxP,1
6757,ID_xQdnc7u3,1
6758,ID_xQgjXKlQ,1
6761,ID_xSXDktiG,1
6763,ID_xSsI7X0a,1
6764,ID_xT9yhObR,1
6770,ID_xYW4cRnY,1
6773,ID_xZkWvDTs,1
6774,ID_xarS7eLY,1
6778,ID_xe3L7ItS,1
6784,ID_xhDVChcv,1
6788,ID_xjyVv7VG,1
6789,ID_xkpunFx4,1
6792,ID_xlIdqtHq,1
6794,ID_xpzMa3ej,1
6795,ID_xqXHdKON,1
6798,ID_xs8hQwns,1
6799,ID_xu3O8v62,1
6800,ID_xvKWAh9K,1
6805,ID_xx6K08Gs,1
6806,ID_xxC1s74O,1
6807,ID_xxf2vAES,1
6810,ID_xzvy9Vyg,1
6813,ID_y0WGqSVH,1
6814,ID_y0eHqtCF,1
6816,ID_y27Q4umX,1
6818,ID_y2Kw3qgl,1
6820,ID_y4Z0bAO6,1
6821,ID_y5WQQpxU,1
6822,ID_y63EMYCB,1
6823,ID_y6f4E67B,1
6826,ID_yAsmc33W,1
6827,ID_yBIZKTDd,1
6828,ID_yBaCy41K,1
6829,ID_yBmaugVP,1
6831,ID_yCNygrQB,1
6835,ID_yENDVstm,1
6836,ID_yFYqPOZ8,1
6837,ID_yFZR30dC,1
6840,ID_yG0wRTh8,1
6841,ID_yICqgPmM,1
6842,ID_yIEVcqHl,1
6844,ID_yJ1xqu10,1
6845,ID_yJNr144s,1
6847,ID_yJmU6sLn,1
6848,ID_yK4korxk,1
6849,ID_yK9ZwNMy,1
6850,ID_yMGn7ivH,1
6851,ID_yPcnltmO,1
6852,ID_yPmYQNyI,1
6853,ID_yQoiw4kY,1
6855,ID_yR13Ovd6,1
6857,ID_ySYLuskq,1
6865,ID_yYhB6jRs,1
6867,ID_yZKjjGb7,1
6872,ID_yc9JpaBQ,1
6873,ID_yd9Uc863,1
6876,ID_yfHVQwiM,1
6879,ID_yhow58z8,1
6881,ID_yj94eKCf,1
6882,ID_yjH12lYj,1
6886,ID_ynNgTHth,1
6888,ID_yngYojrz,1
6889,ID_ynqx6XVt,1
6893,ID_ypfpD47A,1
6894,ID_yqSwmEaN,1
6898,ID_yu74xQWP,1
6900,ID_ywYMeVdK,1
6902,ID_yxLtsSlA,1
6904,ID_yyz5fvsm,1
6907,ID_yzqkj5aK,1
6908,ID_yzvCaxWb,1
6910,ID_z1MFOSQf,1
6911,ID_z1N3VN2g,1
6913,ID_z2dVGXla,1
6914,ID_z38bAtUC,1
6915,ID_z3TDv0UB,1
6916,ID_z5yDABOK,1
6923,ID_zAsJHfob,1
6924,ID_zC9TNheb,1
6927,ID_zF7DSSSx,1
6930,ID_zI7XRBCd,1
6932,ID_zJElTiDr,1
6936,ID_zK3e9gXL,1
6940,ID_zMrZ7aTn,1
6942,ID_zNddN66U,1
6944,ID_zQsZl79q,1
6945,ID_zR7i9Bkl,1
6952,ID_zUeKCJUX,1
6953,ID_zUk6OFbu,1
6955,ID_zVcgxKws,1
6958,ID_zZRiMwPE,1
6961,ID_zapErbeg,1
6963,ID_zcNRNjdN,1
6965,ID_zdwhs36q,1
6967,ID_zfFanib5,1
6969,ID_zfoTIyM8,1
6971,ID_zhWCH98d,1
6972,ID_ziF0jTLM,1
6974,ID_zj33OE3I,1
6977,ID_zmPHggtL,1
6980,ID_zp9zfHBG,1
6983,ID_zqeMZocx,1
6984,ID_zrGRH2jW,1
6985,ID_zrPt4ile,1
6987,ID_zrijVA9Y,1
6991,ID_ztTQc2wt,1
6992,ID_ztuW13cG,1
6995,ID_zup5UL43,1
6997,ID_zwGbT2eY,1
6998,ID_zxWcykW8,1
6999,ID_zzzvJs0F,1
